CLI_ID,UNIVERS,MOIS_VENTE,FAMILLE,MAILLE,"('PRIX_NET', 'min')","('PRIX_NET', 'max')","('PRIX_NET', 'mean')"
991496790,CORPS_SOIN DES MAINS,12,SOINS DU CORPS,CORPS_HYDRA_NOURRI_ET_SOINS,1.85,29.0,6.943333333333334
991496807,VIS_LOTIONS Jeunes Specifique,4,SOINS DU VISAGE,VIS_JEUNE_ET_LEVRE,1.66,8.9,3.375
991496815,HYG_DOUCHE JARDINMONDE,7,HYGIENE,HYG_JDM,1.5,21.9,5.072222222222222
991496823,VIS_MASQUE Jeunes Specifique,8,SOINS DU VISAGE,VIS_JEUNE_ET_LEVRE,3.95,3.95,3.95
991496857,MAQ_YEUX Fard,7,MAQUILLAGE,MAQ_YEUX_MASCA_EYEL_FARD,2.0,11.45,5.4799999999999995
991496865,MAQ_LEV AUTRES,12,MAQUILLAGE,MAQ_LEV_RAL_HMG,1.65,12.5,4.14
991496899,PARF_EAUX HOMMES,1,PARFUMAGE,PARF_HOMME,2.95,12.5,7.975
991496922,VIS_DEMAQ Jeunes Specifique,3,SOINS DU VISAGE,VIS_JEUNE_ET_LEVRE,0.5,6.9,3.6666666666666665
991496930,VIS_SOIN LEVRES,11,SOINS DU VISAGE,VIS_JEUNE_ET_LEVRE,1.9,4.9,2.4388888888888887
991496964,MAQ_ONG AUTRES,12,MAQUILLAGE,MAQ_ONGLES,1.5,26.0,4.878571428571428
991497005,MAQ_LEV RAL Brillance,6,MAQUILLAGE,MAQ_LEV_RAL_HMG,1.25,9.95,5.259090909090909
991497021,MAQ_TEINT Font teint,10,MAQUILLAGE,MAQ_TEINT,1.5,9.95,3.4
991497097,MAQ_YEUX Mascara SexyPulp,6,MAQUILLAGE,MAQ_YEUX_MASCA_EYEL_FARD,8.95,8.95,8.95
991497104,MAQ_ONG Vernis LUM,5,MAQUILLAGE,MAQ_ONGLES,3.9,3.9,3.9
991497138,CORPS_HYDRA NOURRISANT,11,SOINS DU CORPS,CORPS_HYDRA_NOURRI_ET_SOINS,1.25,5.5,2.228125
991497146,HYG_DOUCHE JARDINMONDE,1,HYGIENE,HYG_JDM,1.5,5.5,3.4423076923076925
991497154,MAQ_TEINT Fard a joues,12,MAQUILLAGE,MAQ_TEINT,1.95,14.6,6.275
991497162,CAP_TRAITEMENT,12,CAPILLAIRES,CAPILLAIRE_AUTRE,1.95,12.56,4.247333333333334
991497170,VIS_LOTIONS Jeunes Specifique,7,SOINS DU VISAGE,VIS_JEUNE_ET_LEVRE,3.95,4.95,4.283333333333334
991497188,HYG_DOUCHE JARDINMONDE,4,HYGIENE,HYG_JDM,1.65,6.45,3.2818181818181817
991497211,MAQ_ONG Vernis LUM,7,MAQUILLAGE,MAQ_ONGLES,1.65,13.0,8.459999999999999
991497237,CORPS_SOIN DES MAINS,12,SOINS DU CORPS,CORPS_HYDRA_NOURRI_ET_SOINS,1.65,1.95,1.875
991497261,HYG_DOUCHE PLAISIRNATURE,12,HYGIENE,HYG_PLAISIRNAT_BAIN_SAVON,0.9,10.9,3.349038461538462
991497279,PARF_PARF ET EAU DE PARF,2,PARFUMAGE,PARF_PARFUM,21.6,35.0,26.849999999999998
991497287,VIS_DEMAQ BLEUET,11,SOINS DU VISAGE,VIS_AUTRES,1.95,7.3,5.775
991497295,VIS_SOIN LEVRES,10,SOINS DU VISAGE,VIS_JEUNE_ET_LEVRE,1.25,3.95,2.6
991497328,HYG_DOUCHE PLAISIRNATURE,10,HYGIENE,HYG_PLAISIRNAT_BAIN_SAVON,1.5,6.45,3.033333333333333
991497378,MAQ_YEUX Mascara Specifique,9,MAQUILLAGE,MAQ_YEUX_MASCA_EYEL_FARD,1.5,7.45,2.9875
991497401,HYG_DOUCHE EDT NOEL,12,HYGIENE,HYG_MONOI_ET_EDIT_SPEC,0.8,16.9,4.634285714285714
991497419,VIS_MASQUE Jeunes Specifique,1,SOINS DU VISAGE,VIS_JEUNE_ET_LEVRE,3.35,5.95,4.25
991497451,HYG_DOUCHE PARFUMS,3,HYGIENE,HYG_PARFUMEE,1.5,14.0,4.218181818181818
991497477,VIS_SOIN LEVRES,1,SOINS DU VISAGE,VIS_JEUNE_ET_LEVRE,1.25,4.45,2.7700000000000005
991497493,CORPS_SOIN DES MAINS,11,SOINS DU CORPS,CORPS_HYDRA_NOURRI_ET_SOINS,1.9,4.9,3.108333333333333
991497500,PARF_PARF ET EAU DE PARF,12,PARFUMAGE,PARF_PARFUM,1.66,32.95,17.501923076923077
991497550,VIS_MASQUE Jeunes Specifique,5,SOINS DU VISAGE,VIS_JEUNE_ET_LEVRE,1.45,3.95,1.85625
991497584,HYG_DOUCHE HAMMAM,11,HYGIENE,HYG_AUTRES,1.5,5.0,2.6550000000000002
991497592,MAQ_YEUX Crayons,7,MAQUILLAGE,MAQ_YEUX_CLASSIQUE,3.95,3.95,3.95
991497625,MAQ_YEUX Crayons,6,MAQUILLAGE,MAQ_YEUX_CLASSIQUE,1.95,1.95,1.95
991497641,PARF_EAUX PARFUMS,9,PARFUMAGE,PARF_PARFUM,15.9,17.5,16.7
991497708,CORPS_PRODUITS MINCEUR,4,SOINS DU CORPS,CORPS_SPA_ET_MINCEUR,2.45,18.0,10.527777777777779
991497716,MAQ_ONG AUTRES,5,MAQUILLAGE,MAQ_ONGLES,2.25,48.75,12.68
991497724,PARF_EAUX HOMMES,3,PARFUMAGE,PARF_HOMME,3.95,18.0,7.133333333333333
991497740,MAQ_LEV RAL Brillance,6,MAQUILLAGE,MAQ_LEV_RAL_HMG,1.25,17.8,6.659375
991497772,MAQ_YEUX Crayons,4,MAQUILLAGE,MAQ_YEUX_CLASSIQUE,1.95,1.95,1.95
991497839,HYG_BAIN SEL HUILE PERLE,9,HYGIENE,HYG_PLAISIRNAT_BAIN_SAVON,0.85,4.0,2.35
991497855,HYG_DOUCHE HOMMES,6,HYGIENE,HYG_HOMME,4.95,6.0,5.475
991497946,HYG_DOUCHE MONOI,9,HYGIENE,HYG_MONOI_ET_EDIT_SPEC,3.9,3.9,3.9
991498029,MAQ_ONG AUTRES,5,MAQUILLAGE,MAQ_ONGLES,2.5,9.95,4.844117647058824
991498152,MAQ_YEUX Mascara Specifique,12,MAQUILLAGE,MAQ_YEUX_MASCA_EYEL_FARD,1.95,17.9,5.727777777777778
991498160,PARF_PARF ET EAU DE PARF,12,PARFUMAGE,PARF_PARFUM,0.8,27.0,6.7
991498178,CAP_AP SHAMP,2,CAPILLAIRES,CAPILLAIRE_AUTRE,2.95,6.95,4.458333333333333
991498186,HYG_DOUCHE JARDINMONDE,9,HYGIENE,HYG_JDM,1.5,5.95,2.6125
991498227,VIS_DEMAQ Jeunes Specifique,1,SOINS DU VISAGE,VIS_JEUNE_ET_LEVRE,3.45,26.0,10.407142857142857
991498326,HYG_DOUCHE PARFUMS,9,HYGIENE,HYG_PARFUMEE,4.95,4.95,4.95
991498384,PARF_EAUX PARFUMS,5,PARFUMAGE,PARF_PARFUM,13.0,13.0,13.0
991498417,VIS_DEMAQ BLEUET,3,SOINS DU VISAGE,VIS_AUTRES,2.95,19.9,12.559999999999999
991498706,MAQ_TEINT Poudres,9,MAQUILLAGE,MAQ_TEINT,3.95,23.9,12.199999999999998
991498762,VIS_SOIN LEVRES,10,SOINS DU VISAGE,VIS_JEUNE_ET_LEVRE,1.25,4.9,2.5500000000000003
991498796,MAQ_TEINT Font teint,6,MAQUILLAGE,MAQ_TEINT,1.25,9.95,5.05
991498803,VIS_MASQUE Jeunes Specifique,12,SOINS DU VISAGE,VIS_JEUNE_ET_LEVRE,1.5,4.95,3.225
991498811,SOL_PROTECTEURS SOLAIRES,6,SOLAIRES,SOLAIRE,3.95,15.0,7.9625
991498853,HYG_DOUCHE PARFUMS,12,HYGIENE,HYG_PARFUMEE,2.95,6.95,4.95
991498879,HYG_DOUCHE CULTUREBIO,6,HYGIENE,HYG_CULTUREBIO,1.95,4.75,3.35
991498887,MAQ_TEINT Perfect Correcteur,12,MAQUILLAGE,MAQ_TEINT,14.5,14.5,14.5
991499001,MAQ_TEINT Fard a joues,4,MAQUILLAGE,MAQ_TEINT,7.9,9.95,8.933333333333332
991499019,PARF_EAUX HOMMES,12,PARFUMAGE,PARF_HOMME,4.9,18.8,10.200000000000001
991499134,MAQ_ONG Vernis LUM,3,MAQUILLAGE,MAQ_ONGLES,1.95,2.95,2.45
991499150,MAQ_ONG Vernis LUM,8,MAQUILLAGE,MAQ_ONGLES,1.66,4.95,2.4875
991499176,CAP_TRAITEMENT,11,CAPILLAIRES,CAPILLAIRE_AUTRE,6.95,6.95,6.95
991499267,VIS_SOIN LEVRES,12,SOINS DU VISAGE,VIS_JEUNE_ET_LEVRE,1.95,2.95,2.45
991499283,VIS_SOIN LEVRES,11,SOINS DU VISAGE,VIS_JEUNE_ET_LEVRE,1.95,4.0,3.17
991499308,PARF_PARF ET EAU DE PARF,9,PARFUMAGE,PARF_PARFUM,9.25,18.0,13.625
991499382,MAQ_ONG Vernis LUM,4,MAQUILLAGE,MAQ_ONGLES,1.95,1.95,1.95
991499473,VIS_DEMAQ Jeunes Specifique,9,SOINS DU VISAGE,VIS_JEUNE_ET_LEVRE,3.45,14.5,5.8875
991499499,VIS_SOIN LEVRES,11,SOINS DU VISAGE,VIS_JEUNE_ET_LEVRE,1.25,19.9,4.9
991499522,SOL_PROTECTEURS SOLAIRES,7,SOLAIRES,SOLAIRE,1.0,32.5,7.01875
991499605,HYG_DOUCHE EDT NOEL,12,HYGIENE,HYG_MONOI_ET_EDIT_SPEC,1.25,1.95,1.55
991499621,VIS_SOIN LEVRES,11,SOINS DU VISAGE,VIS_JEUNE_ET_LEVRE,1.9,3.9,2.5300000000000002
991499647,HYG_SAVONS,12,HYGIENE,HYG_PLAISIRNAT_BAIN_SAVON,1.85,3.6,2.4
991499655,MAQ_ONG Vernis CN,5,MAQUILLAGE,MAQ_ONGLES,4.95,4.95,4.95
991499663,PARF_EAUX PLAISIR NATURE,7,PARFUMAGE,PARF_EDT,3.5,3.5,3.5
991499689,VIS_SOIN LEVRES,1,SOINS DU VISAGE,VIS_JEUNE_ET_LEVRE,1.25,4.45,2.4499999999999997
991499791,PARF_PARF ET EAU DE PARF,1,PARFUMAGE,PARF_PARFUM,1.25,19.9,7.4375
991499858,PARF_EAUX HOMMES,1,PARFUMAGE,PARF_HOMME,12.5,12.5,12.5
991499874,HYG_DOUCHE JARDINMONDE,6,HYGIENE,HYG_JDM,1.5,16.0,3.439285714285714
991499882,VIS_SOIN LEVRES,6,SOINS DU VISAGE,VIS_JEUNE_ET_LEVRE,1.25,5.45,3.55
991499890,MAQ_LEV RAL Lum4,4,MAQUILLAGE,MAQ_LEV_BASPRIX,1.3,10.9,4.085714285714285
991499923,PARF_APRES RASAGE,6,PARFUMAGE,PARF_HOMME,4.45,15.0,9.316666666666666
991499965,CORPS_LAIT HUILE PARFUMS,12,SOINS DU CORPS,CORPS_HYDR_LAIT_HUILE,2.9,4.85,3.9166666666666665
991499973,PARF_EAUX PLAISIR NATURE,3,PARFUMAGE,PARF_EDT,4.9,7.9,6.4
991499981,HYG_DOUCHE PARFUMS,5,HYGIENE,HYG_PARFUMEE,1.95,12.5,5.42
991499999,HYG_DOUCHE PLAISIRNATURE,7,HYGIENE,HYG_PLAISIRNAT_BAIN_SAVON,1.0,21.5,7.7250000000000005
991500022,MAQ_TEINT Font teint,1,MAQUILLAGE,MAQ_TEINT,1.65,19.9,8.495
991500072,VIS_SOIN LEVRES,10,SOINS DU VISAGE,VIS_JEUNE_ET_LEVRE,1.0,7.95,2.935714285714286
991500105,PARF_EAUX PARFUMS,1,PARFUMAGE,PARF_PARFUM,3.95,18.0,9.84375
991500121,VIS_CJOUR AAAR,1,SOINS DU VISAGE,VIS_AAAR_HORS_DEMAQLOTION,4.95,24.5,12.299999999999999
991500171,HYG_DOUCHE CULTUREBIO,6,HYGIENE,HYG_CULTUREBIO,0.92,12.95,4.735357142857143
991500204,MAQ_YEUX Mascara Specifique,8,MAQUILLAGE,MAQ_YEUX_MASCA_EYEL_FARD,10.95,10.95,10.95
991500220,MAQ_ONG Vernis LUM,7,MAQUILLAGE,MAQ_ONGLES,1.5,4.5,2.025
991500238,CORPS_SOIN PIEDS ET JAMBES,3,SOINS DU CORPS,CORPS_HYDRA_NOURRI_ET_SOINS,2.95,9.0,6.528571428571429
991500262,VIS_TRAIT Jeunes Specifique,12,SOINS DU VISAGE,VIS_JEUNE_ET_LEVRE,5.9,19.9,10.1625
991500337,MAQ_ONG Vernis LUM,11,MAQUILLAGE,MAQ_ONGLES,1.95,1.95,1.95
991500345,CAP_SHAMP TRAITANT,1,CAPILLAIRES,CAPILLAIRE_SHAMPOING,2.95,9.0,5.28125
991500387,HYG_DOUCHE PLAISIRNATURE,4,HYGIENE,HYG_PLAISIRNAT_BAIN_SAVON,0.9,16.2,3.233448275862069
991500410,HYG_DOUCHE JARDINMONDE,7,HYGIENE,HYG_JDM,1.25,5.45,3.1999999999999997
991500428,PARF_EAUX PLAISIR NATURE,12,PARFUMAGE,PARF_EDT,3.0,7.0,4.3
991500436,CORPS_SOIN PIEDS ET JAMBES,11,SOINS DU CORPS,CORPS_HYDRA_NOURRI_ET_SOINS,1.9,5.5,3.075
991500486,VIS_SOIN LEVRES,2,SOINS DU VISAGE,VIS_JEUNE_ET_LEVRE,1.25,5.0,2.7857142857142856
991500501,SOL_PROTECTEURS SOLAIRES,4,SOLAIRES,SOLAIRE,1.95,14.9,7.3125
991500535,CORPS_LAIT HUILE PLAISIRNATURE,8,SOINS DU CORPS,CORPS_HYDR_LAIT_HUILE,1.5,7.0,3.725
991500543,VIS_DEMAQ Jeunes Specifique,12,SOINS DU VISAGE,VIS_JEUNE_ET_LEVRE,0.72,14.75,4.024375
991500569,HYG_DOUCHE MONOI,5,HYGIENE,HYG_MONOI_ET_EDIT_SPEC,1.25,13.9,4.2481481481481485
991500650,MAQ_TEINT Poudres,5,MAQUILLAGE,MAQ_TEINT,14.95,14.95,14.95
991500668,VIS_SOIN LEVRES,12,SOINS DU VISAGE,VIS_JEUNE_ET_LEVRE,0.8,7.7,3.138235294117647
991500684,MAQ_YEUX Sourcils,6,MAQUILLAGE,MAQ_YEUX_CLASSIQUE,9.5,9.5,9.5
991500692,CORPS_LAIT HUILE PLAISIRNATURE,2,SOINS DU CORPS,CORPS_HYDR_LAIT_HUILE,4.9,9.95,6.783333333333334
991500717,HYG_DOUCHE PLAISIRNATURE,12,HYGIENE,HYG_PLAISIRNAT_BAIN_SAVON,0.8,11.9,3.3115384615384613
991500725,PARF_EAUX DE COLOGNE,7,PARFUMAGE,PARF_PARFUM,1.5,5.0,3.25
991500733,HYG_DOUCHE HOMMES,12,HYGIENE,HYG_HOMME,3.8,18.8,7.9399999999999995
991500741,PARF_EAUX PLAISIR NATURE,6,PARFUMAGE,PARF_EDT,1.25,8.95,3.8454545454545452
991500757,PARF_PARF ET EAU DE PARF,3,PARFUMAGE,PARF_PARFUM,1.5,25.5,6.83
991500799,VIS_CJOUR Jeunes Specifique,3,SOINS DU VISAGE,VIS_JEUNE_ET_LEVRE,1.95,6.95,4.95
991500806,PARF_EAUX PLAISIR NATURE,9,PARFUMAGE,PARF_EDT,7.9,7.9,7.9
991500822,VIS_MASQUE PUR,4,SOINS DU VISAGE,VIS_PUR,2.95,4.45,3.575
991500848,MAQ_TEINT Font teint,11,MAQUILLAGE,MAQ_TEINT,3.5,9.25,6.375
991500856,VIS_MASQUE Jeunes Specifique,3,SOINS DU VISAGE,VIS_JEUNE_ET_LEVRE,2.95,2.95,2.95
991500880,CORPS_LAIT HUILE AUTRES,12,SOINS DU CORPS,CORPS_HYDR_LAIT_HUILE,1.25,18.0,3.8274999999999997
991500898,HYG_DOUCHE JARDINMONDE,7,HYGIENE,HYG_JDM,1.5,22.5,4.07
991500913,VIS_SOIN LEVRES,8,SOINS DU VISAGE,VIS_JEUNE_ET_LEVRE,1.25,17.95,10.299999999999999
991500921,MAQ_LEV RAL Brillance,7,MAQUILLAGE,MAQ_LEV_RAL_HMG,1.95,9.95,5.74
991500939,VIS_CJOUR AAAR,5,SOINS DU VISAGE,VIS_AAAR_HORS_DEMAQLOTION,9.95,19.9,15.514285714285714
991500955,MAQ_YEUX Stylos,1,MAQUILLAGE,MAQ_YEUX_CLASSIQUE,4.5,9.9,5.456250000000001
991500963,VIS_LOTIONS Jeunes Specifique,12,SOINS DU VISAGE,VIS_JEUNE_ET_LEVRE,3.6,18.0,6.621428571428572
991501012,HYG_DOUCHE PLAISIRNATURE,9,HYGIENE,HYG_PLAISIRNAT_BAIN_SAVON,4.9,4.9,4.9
991501088,MAQ_ONG Vernis LUM,1,MAQUILLAGE,MAQ_ONGLES,1.65,4.95,3.3
991501103,VIS_CJOUR Jeunes Specifique,6,SOINS DU VISAGE,VIS_JEUNE_ET_LEVRE,5.45,17.0,11.225
991501137,VIS_DEMAQ BLEUET,10,SOINS DU VISAGE,VIS_AUTRES,1.9,21.6,6.2
991501153,PARF_PARF ET EAU DE PARF,6,PARFUMAGE,PARF_PARFUM,9.9,17.95,13.925
991501161,VIS_DEMAQ BLEUET,4,SOINS DU VISAGE,VIS_AUTRES,3.65,4.0,3.825
991501179,CAP_SHAMP TRAITANT,3,CAPILLAIRES,CAPILLAIRE_SHAMPOING,2.95,15.9,5.86875
991501195,MAQ_ONG Vernis LUM,9,MAQUILLAGE,MAQ_ONGLES,1.0,6.95,4.196153846153846
991501210,VIS_DEMAQ Jeunes Specifique,7,SOINS DU VISAGE,VIS_JEUNE_ET_LEVRE,4.45,9.95,7.075
991501228,VIS_SOIN LEVRES,12,SOINS DU VISAGE,VIS_JEUNE_ET_LEVRE,1.0,2.95,1.9625
991501236,PARF_APRES RASAGE,1,PARFUMAGE,PARF_HOMME,1.5,25.0,7.989473684210527
991501294,HYG_DEO PARFUMS,7,HYGIENE,HYG_PARFUMEE,1.25,9.0,4.1160000000000005
991501319,MAQ_YEUX Crayons,11,MAQUILLAGE,MAQ_YEUX_CLASSIQUE,1.95,1.95,1.95
991501400,VIS_DEMAQ Jeunes Specifique,6,SOINS DU VISAGE,VIS_JEUNE_ET_LEVRE,3.45,3.95,3.7833333333333337
991501450,PARF_PARF ET EAU DE PARF,12,PARFUMAGE,PARF_PARFUM,19.9,32.95,24.266666666666666
991501468,PARF_PARF ET EAU DE PARF,10,PARFUMAGE,PARF_PARFUM,1.95,17.95,10.608333333333333
991501509,VIS_MASQUE Jeunes Specifique,5,SOINS DU VISAGE,VIS_JEUNE_ET_LEVRE,1.5,8.95,3.88
991501541,VIS_SOIN LEVRES,11,SOINS DU VISAGE,VIS_JEUNE_ET_LEVRE,1.95,26.0,7.955
991501559,VIS_CJOUR AAAR,2,SOINS DU VISAGE,VIS_AAAR_HORS_DEMAQLOTION,4.95,36.0,17.619999999999997
991501575,VIS_CJOUR AAAR,10,SOINS DU VISAGE,VIS_AAAR_HORS_DEMAQLOTION,4.95,28.0,13.580000000000002
991501591,MAQ_YEUX Stylos,6,MAQUILLAGE,MAQ_YEUX_CLASSIQUE,4.95,5.95,5.45
991501608,VIS_SOIN LEVRES,9,SOINS DU VISAGE,VIS_JEUNE_ET_LEVRE,1.95,12.95,7.449999999999999
991501624,PARF_PARF ET EAU DE PARF,7,PARFUMAGE,PARF_PARFUM,1.95,27.0,9.711363636363636
991501658,CAP_SHAMP TRAITANT,9,CAPILLAIRES,CAPILLAIRE_SHAMPOING,1.45,10.9,4.42
991501666,VIS_SOIN LEVRES,11,SOINS DU VISAGE,VIS_JEUNE_ET_LEVRE,1.95,18.0,7.475
991501674,CAP_AP SHAMP,5,CAPILLAIRES,CAPILLAIRE_AUTRE,1.0,11.9,4.555000000000001
991501715,VIS_SOIN LEVRES,11,SOINS DU VISAGE,VIS_JEUNE_ET_LEVRE,1.95,30.0,13.7
991501749,HYG_DOUCHE PARFUMS,12,HYGIENE,HYG_PARFUMEE,6.9,25.0,20.339999999999996
991501763,HYG_DOUCHE EDT NOEL,12,HYGIENE,HYG_MONOI_ET_EDIT_SPEC,1.9,19.25,7.260526315789473
991501771,VIS_DEMAQ Jeunes Specifique,7,SOINS DU VISAGE,VIS_JEUNE_ET_LEVRE,3.95,3.95,3.95
991501789,PARF_EAUX PARFUMS,3,PARFUMAGE,PARF_PARFUM,4.45,14.95,7.324999999999999
991501804,VIS_CJOUR BIO,5,SOINS DU VISAGE,VIS_BIO,1.0,12.9,6.2625
991501820,VIS_CJOUR AAAR,9,SOINS DU VISAGE,VIS_AAAR_HORS_DEMAQLOTION,3.95,14.0,7.566666666666666
991501838,MAQ_LEV RAL GrdRouge,9,MAQUILLAGE,MAQ_LEV_RAL_HMG,1.2,11.9,4.648125
991501846,CORPS_SOIN DES MAINS,5,SOINS DU CORPS,CORPS_HYDRA_NOURRI_ET_SOINS,1.0,10.9,4.192857142857143
991501888,MAQ_LEV RAL Hydr,3,MAQUILLAGE,MAQ_LEV_RAL_HMG,2.5,19.9,9.094736842105263
991501903,HYG_DOUCHE JARDINMONDE,9,HYGIENE,HYG_JDM,1.95,1.95,1.95
991501937,MAQ_LEV RAL Lum4,12,MAQUILLAGE,MAQ_LEV_BASPRIX,5.95,5.95,5.95
991501945,MAQ_ONG AUTRES,6,MAQUILLAGE,MAQ_ONGLES,1.0,9.95,4.383333333333334
991501953,HYG_DOUCHE HOMMES,1,HYGIENE,HYG_HOMME,1.0,7.95,3.3233333333333333
991501961,CORPS_SOIN DES MAINS,3,SOINS DU CORPS,CORPS_HYDRA_NOURRI_ET_SOINS,1.65,15.6,5.517857142857143
991501987,MAQ_YEUX Mascara Specifique,11,MAQUILLAGE,MAQ_YEUX_MASCA_EYEL_FARD,0.8,10.95,3.025
991501995,MAQ_ONG AUTRES,7,MAQUILLAGE,MAQ_ONGLES,3.0,26.9,11.157142857142857
991502028,SOL_APRES SOLEIL,6,SOLAIRES,SOLAIRE,2.95,12.9,7.4375
991502044,MAQ_ONG Vernis LUM,3,MAQUILLAGE,MAQ_ONGLES,1.65,1.65,1.6499999999999997
991502086,HYG_DOUCHE JARDINMONDE,3,HYGIENE,HYG_JDM,1.0,13.0,2.5732142857142857
991502094,MAQ_ONG Vernis CN,3,MAQUILLAGE,MAQ_ONGLES,4.95,4.95,4.95
991502127,VIS_SOIN LEVRES,5,SOINS DU VISAGE,VIS_JEUNE_ET_LEVRE,1.25,8.95,5.1
991502177,HYG_DOUCHE JARDINMONDE,2,HYGIENE,HYG_JDM,1.66,3.95,2.3083333333333336
991502185,HYG_DOUCHE CULTUREBIO,12,HYGIENE,HYG_CULTUREBIO,1.95,4.75,2.8833333333333333
991502193,SOL_APRES SOLEIL,7,SOLAIRES,SOLAIRE,1.95,12.5,7.777777777777778
991502226,HYG_DOUCHE JARDINMONDE,1,HYGIENE,HYG_JDM,1.45,9.95,3.777272727272727
991502234,VIS_SOIN LEVRES,1,SOINS DU VISAGE,VIS_JEUNE_ET_LEVRE,0.95,12.5,5.7299999999999995
991502242,PARF_EAUX HOMMES,6,PARFUMAGE,PARF_HOMME,1.95,25.0,8.5875
991502268,HYG_DOUCHE FRAICHEUR VEG,1,HYGIENE,HYG_AUTRES,1.5,1.95,1.711111111111111
991502325,VIS_DEMAQ Jeunes Specifique,12,SOINS DU VISAGE,VIS_JEUNE_ET_LEVRE,3.95,27.9,14.935714285714285
991502341,MAQ_TEINT Perfect Correcteur,12,MAQUILLAGE,MAQ_TEINT,7.45,12.25,9.85
991502367,SOL_AUTOBRONZANTS,4,SOLAIRES,SOLAIRE,1.25,25.0,7.045714285714285
991502375,VIS_SOIN LEVRES,11,SOINS DU VISAGE,VIS_JEUNE_ET_LEVRE,1.95,1.95,1.95
991502391,VIS_DEMAQ Jeunes Specifique,10,SOINS DU VISAGE,VIS_JEUNE_ET_LEVRE,1.5,5.95,3.47
991502416,VIS_DEMAQ AAAR,4,SOINS DU VISAGE,VIS_AAAR_DEMAQLOTION,11.8,11.8,11.8
991502466,HYG_DEO JARDINMONDE,4,HYGIENE,HYG_JDM,1.25,12.95,3.407142857142857
991502474,HYG_BAIN SEL HUILE PERLE,12,HYGIENE,HYG_PLAISIRNAT_BAIN_SAVON,0.8,6.95,2.8499999999999996
991502482,CORPS_LAIT HUILE PLAISIRNATURE,5,SOINS DU CORPS,CORPS_HYDR_LAIT_HUILE,1.5,9.9,5.633333333333333
991502490,VIS_DEMAQ Jeunes Specifique,3,SOINS DU VISAGE,VIS_JEUNE_ET_LEVRE,3.45,3.95,3.7
991502515,MAQ_YEUX Mascara SexyPulp,10,MAQUILLAGE,MAQ_YEUX_MASCA_EYEL_FARD,12.5,12.5,12.5
991502523,HYG_DOUCHE JARDINMONDE,12,HYGIENE,HYG_JDM,1.5,6.5,2.4785714285714286
991502531,MAQ_YEUX Mascara Specifique,6,MAQUILLAGE,MAQ_YEUX_MASCA_EYEL_FARD,9.25,9.25,9.25
991502557,PARF_EAUX PARFUMS,6,PARFUMAGE,PARF_PARFUM,7.45,15.95,10.783333333333333
991502565,MAQ_ONG Vernis LUM,5,MAQUILLAGE,MAQ_ONGLES,1.0,29.9,5.130952380952381
991502573,PARF_EAUX PLAISIR NATURE,12,PARFUMAGE,PARF_EDT,1.5,12.0,5.970000000000001
991502599,MAQ_TEINT Perfect Correcteur,12,MAQUILLAGE,MAQ_TEINT,2.0,6.95,3.3899999999999997
991502672,HYG_DOUCHE PLAISIRNATURE,9,HYGIENE,HYG_PLAISIRNAT_BAIN_SAVON,1.42,7.9,2.4154545454545455
991502680,VIS_SOIN LEVRES,12,SOINS DU VISAGE,VIS_JEUNE_ET_LEVRE,0.9,4.25,2.23
991502705,CAP_AP SHAMP,10,CAPILLAIRES,CAPILLAIRE_AUTRE,4.1,12.5,6.199999999999999
991502713,VIS_SOIN LEVRES,10,SOINS DU VISAGE,VIS_JEUNE_ET_LEVRE,1.2,3.5,1.7285714285714284
991502721,VIS_MASQUE Jeunes Specifique,10,SOINS DU VISAGE,VIS_JEUNE_ET_LEVRE,5.95,5.95,5.95
991502739,HYG_DOUCHE JARDINMONDE,8,HYGIENE,HYG_JDM,1.5,18.9,4.221428571428571
991502753,VIS_CJOUR Jeunes Specifique,12,SOINS DU VISAGE,VIS_JEUNE_ET_LEVRE,1.0,13.65,4.670833333333333
991502779,SOL_APRES SOLEIL,6,SOLAIRES,SOLAIRE,3.95,3.95,3.95
991502787,CORPS_SOIN PIEDS ET JAMBES,6,SOINS DU CORPS,CORPS_HYDRA_NOURRI_ET_SOINS,1.25,65.0,14.553333333333335
991502836,MAQ_ONG Vernis LUM,7,MAQUILLAGE,MAQ_ONGLES,1.65,4.45,2.5
991502852,CORPS_SOIN DES MAINS,9,SOINS DU CORPS,CORPS_HYDRA_NOURRI_ET_SOINS,1.95,1.95,1.95
991502878,MAQ_ONG Vernis LUM,9,MAQUILLAGE,MAQ_ONGLES,1.25,4.9,2.492857142857143
991502886,CORPS_SOIN PIEDS ET JAMBES,1,SOINS DU CORPS,CORPS_HYDRA_NOURRI_ET_SOINS,3.95,7.9,5.925000000000001
991502919,MAQ_YEUX Mascara Specifique,6,MAQUILLAGE,MAQ_YEUX_MASCA_EYEL_FARD,1.5,11.7,6.471428571428571
991502927,PARF_EAUX PLAISIR NATURE,11,PARFUMAGE,PARF_EDT,1.5,5.95,3.769230769230769
991502935,PARF_EAUX MONOI,7,PARFUMAGE,PARF_EDT,3.95,12.5,8.225
991502943,VIS_SOIN LEVRES,1,SOINS DU VISAGE,VIS_JEUNE_ET_LEVRE,0.95,1.0,0.975
991502969,MAQ_YEUX Stylos,9,MAQUILLAGE,MAQ_YEUX_CLASSIQUE,1.65,14.5,5.422222222222222
991503000,VIS_TRAIT AAAR,5,SOINS DU VISAGE,VIS_AAAR_HORS_DEMAQLOTION,16.9,16.9,16.9
991503026,VIS_DEMAQ PUR,6,SOINS DU VISAGE,VIS_PUR,1.95,5.45,3.4500000000000006
991503034,MAQ_YEUX Crayons,8,MAQUILLAGE,MAQ_YEUX_CLASSIQUE,1.95,1.95,1.95
991503050,MAQ_TEINT Font teint,2,MAQUILLAGE,MAQ_TEINT,3.95,11.95,8.76875
991503084,HYG_DOUCHE FRAICHEUR VEG,1,HYGIENE,HYG_AUTRES,1.95,1.95,1.95
991503117,CORPS_SOIN DES MAINS,6,SOINS DU CORPS,CORPS_HYDRA_NOURRI_ET_SOINS,1.95,9.95,5.171428571428571
991503125,MAQ_YEUX Crayons,5,MAQUILLAGE,MAQ_YEUX_CLASSIQUE,1.95,1.95,1.95
991503133,MAQ_YEUX Stylos,7,MAQUILLAGE,MAQ_YEUX_CLASSIQUE,1.5,8.95,4.79
991503159,CORPS_SOIN DES MAINS,12,SOINS DU CORPS,CORPS_HYDRA_NOURRI_ET_SOINS,1.95,10.3,4.5200000000000005
991503183,PARF_EAUX PLAISIR NATURE,10,PARFUMAGE,PARF_EDT,1.95,3.5,2.725
991503191,PARF_EAUX PARFUMS,3,PARFUMAGE,PARF_PARFUM,3.95,18.0,10.510714285714286
991503208,HYG_DOUCHE PLAISIRNATURE,3,HYGIENE,HYG_PLAISIRNAT_BAIN_SAVON,1.5,9.95,5.1125
991503216,PARF_EAUX PLAISIR NATURE,1,PARFUMAGE,PARF_EDT,1.5,7.9,3.5700000000000003
991503232,VIS_CJOUR AAAR,5,SOINS DU VISAGE,VIS_AAAR_HORS_DEMAQLOTION,12.5,24.5,16.666666666666668
991503258,SOL_PROTECTEURS SOLAIRES,7,SOLAIRES,SOLAIRE,9.95,9.95,9.95
991503266,PARF_EAUX DE COLOGNE,7,PARFUMAGE,PARF_PARFUM,12.9,12.9,12.9
991503307,PARF_EAUX DE COLOGNE,6,PARFUMAGE,PARF_PARFUM,2.95,15.95,9.575
991503315,VIS_SOIN LEVRES,1,SOINS DU VISAGE,VIS_JEUNE_ET_LEVRE,0.95,6.95,3.1374999999999997
991503349,PARF_EAUX PARFUMS,6,PARFUMAGE,PARF_PARFUM,5.5,17.5,11.5
991503414,HYG_DOUCHE PLAISIRNATURE,12,HYGIENE,HYG_PLAISIRNAT_BAIN_SAVON,1.5,19.9,6.26
991503448,VIS_LOTIONS Jeunes Specifique,10,SOINS DU VISAGE,VIS_JEUNE_ET_LEVRE,1.5,8.9,3.459090909090909
991503456,HYG_DOUCHE MONOI,7,HYGIENE,HYG_MONOI_ET_EDIT_SPEC,1.95,29.5,5.97
991503464,VIS_DEMAQ BLEUET,9,SOINS DU VISAGE,VIS_AUTRES,3.95,3.95,3.95
991503472,CAP_TENUE DE LA COIFFURE,1,CAPILLAIRES,CAPILLAIRE_AUTRE,1.25,8.95,3.505263157894737
991503498,HYG_DEO JARDINMONDE,1,HYGIENE,HYG_JDM,1.25,5.0,2.477272727272727
991503521,VIS_SOIN LEVRES,11,SOINS DU VISAGE,VIS_JEUNE_ET_LEVRE,1.25,15.95,7.338461538461539
991503539,MAQ_ONG Vernis LUM,3,MAQUILLAGE,MAQ_ONGLES,1.95,12.95,7.449999999999999
991503547,PARF_PARF ET EAU DE PARF,9,PARFUMAGE,PARF_PARFUM,26.5,27.0,26.75
991503555,HYG_DOUCHE PLAISIRNATURE,7,HYGIENE,HYG_PLAISIRNAT_BAIN_SAVON,2.5,4.95,4.475
991503563,MAQ_ONG AUTRES,8,MAQUILLAGE,MAQ_ONGLES,1.5,18.5,3.7725000000000004
991503571,MAQ_LEV AUTRES,4,MAQUILLAGE,MAQ_LEV_RAL_HMG,1.25,35.0,7.40404761904762
991503597,VIS_DEMAQ PUR,9,SOINS DU VISAGE,VIS_PUR,3.5,7.9,7.0200000000000005
991503604,MAQ_ONG Vernis CN,10,MAQUILLAGE,MAQ_ONGLES,1.75,17.9,8.122727272727273
991503612,PARF_EAUX MONOI,4,PARFUMAGE,PARF_EDT,3.3,5.45,4.583333333333333
991503646,MAQ_YEUX Fard,8,MAQUILLAGE,MAQ_YEUX_MASCA_EYEL_FARD,1.5,8.9,4.7875000000000005
991503662,MAQ_ONG Vernis LUM,4,MAQUILLAGE,MAQ_ONGLES,1.95,3.95,2.95
991503696,VIS_DEMAQ BLEUET,5,SOINS DU VISAGE,VIS_AUTRES,7.3,7.3,7.3
991503711,MAQ_ONG Vernis LUM,8,MAQUILLAGE,MAQ_ONGLES,1.65,4.45,3.1333333333333333
991503729,CORPS_LAIT HUILE PLAISIRNATURE,2,SOINS DU CORPS,CORPS_HYDR_LAIT_HUILE,5.5,5.5,5.5
991503745,CORPS_SOIN PIEDS ET JAMBES,6,SOINS DU CORPS,CORPS_HYDRA_NOURRI_ET_SOINS,2.95,2.95,2.95
991503751,VIS_DEMAQ BLEUET,9,SOINS DU VISAGE,VIS_AUTRES,4.5,7.3,5.866666666666667
991503769,MAQ_ONG Vernis LUM,3,MAQUILLAGE,MAQ_ONGLES,1.25,5.35,2.766666666666667
991503800,SOL_AUTOBRONZANTS,9,SOLAIRES,SOLAIRE,10.9,10.9,10.9
991503818,CAP_SHAMP TSCHEVEUX,5,CAPILLAIRES,CAPILLAIRE_SHAMPOING,3.75,5.61,4.68
991503842,VIS_SOIN LEVRES,11,SOINS DU VISAGE,VIS_JEUNE_ET_LEVRE,1.95,1.95,1.95
991503876,MAQ_LEV RAL Lum4,4,MAQUILLAGE,MAQ_LEV_BASPRIX,1.95,14.9,5.266666666666667
991503933,PARF_PARF ET EAU DE PARF,9,PARFUMAGE,PARF_PARFUM,19.9,19.9,19.9
991503967,MAQ_YEUX Crayons,10,MAQUILLAGE,MAQ_YEUX_CLASSIQUE,2.7,2.7,2.7
991503991,VIS_SOIN LEVRES,12,SOINS DU VISAGE,VIS_JEUNE_ET_LEVRE,1.9,24.9,4.7846153846153845
991504066,HYG_DOUCHE HAMMAM,12,HYGIENE,HYG_AUTRES,1.95,9.95,5.7299999999999995
991504165,MAQ_YEUX Mascara Specifique,6,MAQUILLAGE,MAQ_YEUX_MASCA_EYEL_FARD,2.95,19.95,7.31
991504173,CORPS_EXFOLIANT CORPS,6,SOINS DU CORPS,CORPS_SPA_ET_MINCEUR,2.95,12.0,6.392857142857143
991504206,PARF_EAUX PLAISIR NATURE,3,PARFUMAGE,PARF_EDT,4.95,9.9,8.510000000000002
991504298,HYG_DOUCHE EDT NOEL,12,HYGIENE,HYG_MONOI_ET_EDIT_SPEC,1.9,24.9,6.221428571428571
991504347,VIS_TRAIT Jeunes Specifique,4,SOINS DU VISAGE,VIS_JEUNE_ET_LEVRE,2.95,12.95,6.2
991504454,SOL_PROTECTEURS SOLAIRES,8,SOLAIRES,SOLAIRE,5.0,17.9,11.45
991504511,MAQ_TEINT Font teint,8,MAQUILLAGE,MAQ_TEINT,3.35,18.0,9.73
991504529,VIS_SOIN HOMMES,12,SOINS DU VISAGE,VIS_HOMMES,1.5,24.5,7.715000000000001
991504561,MAQ_LEV RAL Lum4,10,MAQUILLAGE,MAQ_LEV_BASPRIX,3.95,5.95,5.2
991504579,PARF_EAUX HOMMES,1,PARFUMAGE,PARF_HOMME,12.5,12.5,12.5
991504587,VIS_CJOUR AAAR,8,SOINS DU VISAGE,VIS_AAAR_HORS_DEMAQLOTION,4.5,27.0,20.616666666666667
991504595,PARF_PARF ET EAU DE PARF,1,PARFUMAGE,PARF_PARFUM,27.0,29.9,28.74
991504610,PARF_PARF ET EAU DE PARF,7,PARFUMAGE,PARF_PARFUM,1.5,27.0,7.828571428571428
991504727,HYG_DOUCHE PARFUMS,9,HYGIENE,HYG_PARFUMEE,1.5,27.0,6.675
991504735,VIS_SOIN LEVRES,11,SOINS DU VISAGE,VIS_JEUNE_ET_LEVRE,1.5,11.7,2.71875
991504782,HYG_DOUCHE PLAISIRNATURE,10,HYGIENE,HYG_PLAISIRNAT_BAIN_SAVON,1.5,1.5,1.5
991504790,MAQ_YEUX Eyeliner,7,MAQUILLAGE,MAQ_YEUX_MASCA_EYEL_FARD,1.5,8.95,5.981
991504831,VIS_SOIN LEVRES,12,SOINS DU VISAGE,VIS_JEUNE_ET_LEVRE,1.25,7.0,4.125
991504849,PARF_PARF ET EAU DE PARF,3,PARFUMAGE,PARF_PARFUM,15.9,35.9,25.9
991504899,HYG_DEO PARFUMS,6,HYGIENE,HYG_PARFUMEE,6.8,18.4,11.149999999999999
991504930,VIS_DEMAQ BLEUET,1,SOINS DU VISAGE,VIS_AUTRES,3.5,17.5,9.68
991505063,MAQ_LEV RAL Hydr,2,MAQUILLAGE,MAQ_LEV_RAL_HMG,2.95,7.45,5.2
991505104,CORPS_LAIT HUILE PARFUMS,3,SOINS DU CORPS,CORPS_HYDR_LAIT_HUILE,1.25,13.0,5.742857142857143
991505188,CAP_SHAMP TRAITANT,10,CAPILLAIRES,CAPILLAIRE_SHAMPOING,1.5,5.9,3.0966666666666667
991505245,HYG_DOUCHE PARFUMS,3,HYGIENE,HYG_PARFUMEE,1.95,1.95,1.95
991505253,MAQ_YEUX Crayons,3,MAQUILLAGE,MAQ_YEUX_CLASSIQUE,3.95,12.5,7.633333333333333
991505295,HYG_DOUCHE CULTUREBIO,6,HYGIENE,HYG_CULTUREBIO,1.95,19.9,4.857222222222223
991505302,CORPS_SOIN DES MAINS,11,SOINS DU CORPS,CORPS_HYDRA_NOURRI_ET_SOINS,2.5,2.5,2.5
991505352,MAQ_YEUX Fard,10,MAQUILLAGE,MAQ_YEUX_MASCA_EYEL_FARD,9.7,9.7,9.7
991505394,MAQ_TEINT Poudres,6,MAQUILLAGE,MAQ_TEINT,9.0,9.0,9.0
991505435,HYG_DOUCHE JARDINMONDE,9,HYGIENE,HYG_JDM,5.0,19.9,12.45
991505451,CORPS_HYDRA NOURRISANT,11,SOINS DU CORPS,CORPS_HYDRA_NOURRI_ET_SOINS,1.5,10.9,3.3714285714285714
991505485,VIS_TRAIT Jeunes Specifique,9,SOINS DU VISAGE,VIS_JEUNE_ET_LEVRE,7.95,14.0,11.65
991505493,VIS_TRAIT AAAR,9,SOINS DU VISAGE,VIS_AAAR_HORS_DEMAQLOTION,12.9,12.9,12.9
991505542,MAQ_YEUX Mascara SexyPulp,8,MAQUILLAGE,MAQ_YEUX_MASCA_EYEL_FARD,3.0,12.95,7.75
991505550,VIS_CJOUR AAAR,4,SOINS DU VISAGE,VIS_AAAR_HORS_DEMAQLOTION,24.5,25.22,24.74
991505584,HYG_DOUCHE EDT NOEL,12,HYGIENE,HYG_MONOI_ET_EDIT_SPEC,4.95,4.95,4.95
991505617,CORPS_HYDRA NOURRISANT,7,SOINS DU CORPS,CORPS_HYDRA_NOURRI_ET_SOINS,5.45,10.0,8.483333333333333
991505659,MAQ_LEV BRILLANT,12,MAQUILLAGE,MAQ_LEV_BASPRIX,1.95,9.95,5.1875
991505675,HYG_DOUCHE JARDINMONDE,8,HYGIENE,HYG_JDM,1.5,5.5,2.5
991505691,MAQ_TEINT Font teint,3,MAQUILLAGE,MAQ_TEINT,9.45,9.45,9.45
991505732,VIS_TRAIT Jeunes Specifique,1,SOINS DU VISAGE,VIS_JEUNE_ET_LEVRE,3.65,9.95,6.449999999999999
991505764,HYG_DOUCHE JARDINMONDE,6,HYGIENE,HYG_JDM,3.0,3.0,3.0
991505772,MAQ_YEUX Crayons,7,MAQUILLAGE,MAQ_YEUX_CLASSIQUE,1.95,1.95,1.95
991505798,HYG_DOUCHE JARDINMONDE,9,HYGIENE,HYG_JDM,1.5,4.95,2.9200000000000004
991505847,CORPS_SOIN DES MAINS,8,SOINS DU CORPS,CORPS_HYDRA_NOURRI_ET_SOINS,1.0,14.95,4.3464285714285715
991505855,VIS_CJOUR AAAR,2,SOINS DU VISAGE,VIS_AAAR_HORS_DEMAQLOTION,2.95,28.0,15.475
991505863,PARF_PARF ET EAU DE PARF,7,PARFUMAGE,PARF_PARFUM,19.95,19.95,19.95
991505889,SOL_PROTECTEURS SOLAIRES,6,SOLAIRES,SOLAIRE,7.45,11.5,8.966666666666667
991505904,VIS_CJOUR Jeunes Specifique,9,SOINS DU VISAGE,VIS_JEUNE_ET_LEVRE,6.95,29.9,18.425
991505912,CORPS_PRODUITS MINCEUR,8,SOINS DU CORPS,CORPS_SPA_ET_MINCEUR,2.95,16.95,7.95
991505920,PARF_EAUX PARFUMS,2,PARFUMAGE,PARF_PARFUM,1.95,14.9,8.65
991505938,VIS_SOIN HOMMES,10,SOINS DU VISAGE,VIS_HOMMES,9.95,9.95,9.95
991506037,PARF_EAUX HOMMES,5,PARFUMAGE,PARF_HOMME,9.95,22.95,13.45
991506045,MAQ_TEINT Font teint,4,MAQUILLAGE,MAQ_TEINT,3.5,14.5,10.020833333333334
991506079,VIS_CJOUR PUR,3,SOINS DU VISAGE,VIS_PUR,3.95,12.9,8.75
991506087,PARF_PARF ET EAU DE PARF,10,PARFUMAGE,PARF_PARFUM,1.95,27.0,12.475
991506102,SOL_APRES SOLEIL,5,SOLAIRES,SOLAIRE,3.0,3.95,3.475
991506110,MAQ_ONG Vernis CN,5,MAQUILLAGE,MAQ_ONGLES,4.45,10.0,5.636363636363637
991506144,VIS_SOIN LEVRES,11,SOINS DU VISAGE,VIS_JEUNE_ET_LEVRE,1.95,17.5,9.292857142857143
991506152,HYG_DOUCHE JARDINMONDE,5,HYGIENE,HYG_JDM,1.66,6.45,3.755555555555555
991506219,VIS_SOIN HOMMES,2,SOINS DU VISAGE,VIS_HOMMES,9.9,9.9,9.9
991506227,MAQ_TEINT Font teint,6,MAQUILLAGE,MAQ_TEINT,4.9,14.5,9.7
991506300,VIS_CJOUR PUR,12,SOINS DU VISAGE,VIS_PUR,4.95,18.0,9.299999999999999
991506376,HYG_DOUCHE JARDINMONDE,1,HYGIENE,HYG_JDM,0.95,23.95,4.266666666666667
991506409,CAP_SHAMP TRAITANT,1,CAPILLAIRES,CAPILLAIRE_SHAMPOING,1.5,2.95,1.8625
991506425,MAQ_YEUX Stylos,9,MAQUILLAGE,MAQ_YEUX_CLASSIQUE,1.2,19.9,7.430952380952381
991506467,VIS_CJOUR AAAR,12,SOINS DU VISAGE,VIS_AAAR_HORS_DEMAQLOTION,13.45,32.5,22.74285714285714
991506475,VIS_TRAIT AAAR,10,SOINS DU VISAGE,VIS_AAAR_HORS_DEMAQLOTION,5.45,11.5,8.475
991506540,HYG_DOUCHE PLAISIRNATURE,4,HYGIENE,HYG_PLAISIRNAT_BAIN_SAVON,1.5,27.9,9.778571428571428
991506558,CORPS_EXFOLIANT CORPS,8,SOINS DU CORPS,CORPS_SPA_ET_MINCEUR,2.5,13.9,5.928571428571429
991506574,PARF_PARF ET EAU DE PARF,5,PARFUMAGE,PARF_PARFUM,27.0,45.0,36.0
991506582,PARF_PARF ET EAU DE PARF,12,PARFUMAGE,PARF_PARFUM,19.95,22.9,21.424999999999997
991506590,MAQ_TEINT Poudres,10,MAQUILLAGE,MAQ_TEINT,1.95,36.0,9.020833333333334
991506649,MAQ_YEUX Crayons,12,MAQUILLAGE,MAQ_YEUX_CLASSIQUE,1.5,24.9,6.124358974358974
991506665,MAQ_TEINT Poudres,8,MAQUILLAGE,MAQ_TEINT,9.75,19.5,14.190000000000001
991506748,CORPS_HYDRA NOURRISANT,12,SOINS DU CORPS,CORPS_HYDRA_NOURRI_ET_SOINS,3.9,13.9,6.707142857142857
991506754,HYG_DOUCHE PLAISIRNATURE,8,HYGIENE,HYG_PLAISIRNAT_BAIN_SAVON,4.9,4.9,4.9
991506770,PARF_EAUX PLAISIR NATURE,1,PARFUMAGE,PARF_EDT,2.95,10.0,7.3125
991506796,MAQ_YEUX Eyeliner,2,MAQUILLAGE,MAQ_YEUX_MASCA_EYEL_FARD,4.45,14.95,8.85625
991506811,MAQ_YEUX Stylos,2,MAQUILLAGE,MAQ_YEUX_CLASSIQUE,9.9,9.9,9.9
991506837,CORPS_SOIN PIEDS ET JAMBES,12,SOINS DU CORPS,CORPS_HYDRA_NOURRI_ET_SOINS,1.95,7.75,3.8375
991506853,SOL_APRES SOLEIL,6,SOLAIRES,SOLAIRE,2.45,12.55,5.57
991506887,VIS_CJOUR AAAR,6,SOINS DU VISAGE,VIS_AAAR_HORS_DEMAQLOTION,18.0,18.0,18.0
991506910,HYG_DOUCHE MONOI,5,HYGIENE,HYG_MONOI_ET_EDIT_SPEC,1.65,15.0,7.45
991506936,VIS_MASQUE Jeunes Specifique,8,SOINS DU VISAGE,VIS_JEUNE_ET_LEVRE,2.95,8.95,4.95
991506944,MAQ_YEUX Stylos,7,MAQUILLAGE,MAQ_YEUX_CLASSIQUE,4.95,4.95,4.95
991506960,VIS_DEMAQ PUR,10,SOINS DU VISAGE,VIS_PUR,2.95,2.95,2.95
991507001,VIS_CJOUR AAAR,1,SOINS DU VISAGE,VIS_AAAR_HORS_DEMAQLOTION,14.0,14.0,14.0
991507043,MAQ_TEINT Font teint,3,MAQUILLAGE,MAQ_TEINT,9.25,9.25,9.25
991507069,PARF_PARF ET EAU DE PARF,6,PARFUMAGE,PARF_PARFUM,6.95,53.0,19.16
991507085,VIS_SOIN LEVRES,9,SOINS DU VISAGE,VIS_JEUNE_ET_LEVRE,1.25,3.0,1.75
991507100,HYG_DOUCHE HAMMAM,5,HYGIENE,HYG_AUTRES,1.95,19.95,6.664285714285714
991507126,MAQ_ONG AUTRES,3,MAQUILLAGE,MAQ_ONGLES,1.25,27.0,8.892857142857142
991507168,CAP_SHAMP TSCHEVEUX,9,CAPILLAIRES,CAPILLAIRE_SHAMPOING,1.5,24.5,6.480769230769231
991507176,PARF_EAUX HOMMES,3,PARFUMAGE,PARF_HOMME,12.5,12.5,12.5
991507259,CORPS_LAIT HUILE PARFUMS,5,SOINS DU CORPS,CORPS_HYDR_LAIT_HUILE,2.25,52.0,14.581944444444446
991507267,VIS_DEMAQ BLEUET,12,SOINS DU VISAGE,VIS_AUTRES,2.5,19.9,8.966666666666667
991507275,VIS_DEMAQ Jeunes Specifique,6,SOINS DU VISAGE,VIS_JEUNE_ET_LEVRE,3.45,3.45,3.45
991507358,MAQ_YEUX Fard,4,MAQUILLAGE,MAQ_YEUX_MASCA_EYEL_FARD,2.25,6.95,4.35
991507366,MAQ_ONG AUTRES,4,MAQUILLAGE,MAQ_ONGLES,4.95,4.95,4.95
991507374,HYG_DOUCHE EDT ETE,10,HYGIENE,HYG_MONOI_ET_EDIT_SPEC,1.0,4.1,2.1217647058823528
991507457,MAQ_YEUX Fard,9,MAQUILLAGE,MAQ_YEUX_MASCA_EYEL_FARD,1.25,29.9,8.284615384615385
991507499,CORPS_SOIN PIEDS ET JAMBES,10,SOINS DU CORPS,CORPS_HYDRA_NOURRI_ET_SOINS,1.25,17.9,4.445
991507530,MAQ_YEUX Mascara SexyPulp,2,MAQUILLAGE,MAQ_YEUX_MASCA_EYEL_FARD,1.25,12.5,4.8375
991507548,PARF_PARF ET EAU DE PARF,12,PARFUMAGE,PARF_PARFUM,7.9,26.9,14.866666666666667
991507580,HYG_DOUCHE PLAISIRNATURE,12,HYGIENE,HYG_PLAISIRNAT_BAIN_SAVON,4.5,5.5,4.86
991507598,HYG_DEO PARFUMS,4,HYGIENE,HYG_PARFUMEE,1.5,15.9,4.961428571428572
991507621,PARF_APRES RASAGE,5,PARFUMAGE,PARF_HOMME,34.0,34.0,34.0
991507647,CAP_SHAMP TSCHEVEUX,12,CAPILLAIRES,CAPILLAIRE_SHAMPOING,2.45,2.45,2.45
991507697,HYG_SAVONS,12,HYGIENE,HYG_PLAISIRNAT_BAIN_SAVON,1.9,2.45,2.25
991507720,CORPS_HYDRA NOURRISANT,7,SOINS DU CORPS,CORPS_HYDRA_NOURRI_ET_SOINS,4.95,54.0,13.6625
991507746,CORPS_LAIT HUILE MONOI,3,SOINS DU CORPS,CORPS_MONOI,1.95,5.95,3.878571428571429
991507877,HYG_DOUCHE JARDINMONDE,1,HYGIENE,HYG_JDM,3.0,3.0,3.0
991507885,VIS_CJOUR Jeunes Specifique,10,SOINS DU VISAGE,VIS_JEUNE_ET_LEVRE,5.45,9.95,7.824999999999999
991507942,MAQ_ONG AUTRES,12,MAQUILLAGE,MAQ_ONGLES,3.6,4.9,4.075
991507950,VIS_SOIN LEVRES,6,SOINS DU VISAGE,VIS_JEUNE_ET_LEVRE,1.25,18.0,6.6625
991507992,HYG_DOUCHE PLAISIRNATURE,11,HYGIENE,HYG_PLAISIRNAT_BAIN_SAVON,1.0,7.9,3.1846153846153844
991508009,PARF_APRES RASAGE,12,PARFUMAGE,PARF_HOMME,1.0,8.5,4.225
991508033,HYG_DOUCHE EDT NOEL,12,HYGIENE,HYG_MONOI_ET_EDIT_SPEC,1.85,3.6,2.5500000000000003
991508059,CAP_SHAMP TSCHEVEUX,4,CAPILLAIRES,CAPILLAIRE_SHAMPOING,1.65,9.95,3.75
991508075,VIS_CJOUR Jeunes Specifique,3,SOINS DU VISAGE,VIS_JEUNE_ET_LEVRE,6.95,6.95,6.95
991508091,HYG_DOUCHE MONOI,6,HYGIENE,HYG_MONOI_ET_EDIT_SPEC,1.95,1.95,1.95
991508116,VIS_DEMAQ BLEUET,10,SOINS DU VISAGE,VIS_AUTRES,3.65,12.95,8.85
991508132,HYG_DOUCHE PLAISIRNATURE,2,HYGIENE,HYG_PLAISIRNAT_BAIN_SAVON,1.0,8.95,2.4078947368421053
991508207,CORPS_LAIT HUILE PARFUMS,12,SOINS DU CORPS,CORPS_HYDR_LAIT_HUILE,1.95,26.5,12.234
991508223,VIS_TRAIT Jeunes Specifique,7,SOINS DU VISAGE,VIS_JEUNE_ET_LEVRE,4.45,6.95,5.075
991508265,MAQ_YEUX Mascara Basic,6,MAQUILLAGE,MAQ_YEUX_CLASSIQUE,1.65,3.95,3.1833333333333336
991508322,HYG_DOUCHE JARDINMONDE,6,HYGIENE,HYG_JDM,1.5,4.95,2.306
991508348,MAQ_YEUX Stylos,11,MAQUILLAGE,MAQ_YEUX_CLASSIQUE,4.95,15.9,10.490909090909092
991508356,VIS_MASQUE Jeunes Specifique,3,SOINS DU VISAGE,VIS_JEUNE_ET_LEVRE,1.9,7.45,3.8125
991508372,HYG_DOUCHE JARDINMONDE,3,HYGIENE,HYG_JDM,1.5,6.45,3.188888888888889
991508380,MAQ_YEUX Mascara SexyPulp,1,MAQUILLAGE,MAQ_YEUX_MASCA_EYEL_FARD,1.9,17.9,9.011111111111111
991508413,MAQ_TEINT Font teint,4,MAQUILLAGE,MAQ_TEINT,1.25,16.95,5.75625
991508421,SOL_APRES SOLEIL,7,SOLAIRES,SOLAIRE,3.95,32.9,11.291666666666666
991508447,PARF_EAUX PARFUMS,12,PARFUMAGE,PARF_PARFUM,15.95,15.95,15.95
991508497,CORPS_SOIN DES MAINS,12,SOINS DU CORPS,CORPS_HYDRA_NOURRI_ET_SOINS,1.8,25.9,6.005
991508504,VIS_SOIN LEVRES,12,SOINS DU VISAGE,VIS_JEUNE_ET_LEVRE,1.95,9.95,4.966666666666667
991508520,HYG_DOUCHE JARDINMONDE,7,HYGIENE,HYG_JDM,1.5,11.75,4.9
991508554,MAQ_YEUX Crayons,6,MAQUILLAGE,MAQ_YEUX_CLASSIQUE,1.95,9.0,5.913636363636363
991508570,SOL_APRES SOLEIL,6,SOLAIRES,SOLAIRE,1.5,5.95,2.775
991508603,CORPS_SOIN DES MAINS,8,SOINS DU CORPS,CORPS_HYDRA_NOURRI_ET_SOINS,1.75,1.95,1.85
991508629,VIS_CJOUR Jeunes Specifique,4,SOINS DU VISAGE,VIS_JEUNE_ET_LEVRE,3.95,9.95,7.074999999999999
991508637,PARF_EAUX PARFUMS,8,PARFUMAGE,PARF_PARFUM,15.95,15.95,15.95
991508645,CAP_SHAMP TSCHEVEUX,9,CAPILLAIRES,CAPILLAIRE_SHAMPOING,1.25,4.95,1.8966666666666667
991508653,HYG_DOUCHE JARDINMONDE,6,HYGIENE,HYG_JDM,1.5,3.9,2.8076923076923075
991508661,HYG_DOUCHE JARDINMONDE,3,HYGIENE,HYG_JDM,1.5,1.95,1.6583333333333332
991508679,HYG_DOUCHE PLAISIRNATURE,8,HYGIENE,HYG_PLAISIRNAT_BAIN_SAVON,3.95,3.95,3.95
991508710,VIS_MASQUE Jeunes Specifique,6,SOINS DU VISAGE,VIS_JEUNE_ET_LEVRE,1.95,4.95,3.4500000000000006
991508744,MAQ_YEUX Crayons,6,MAQUILLAGE,MAQ_YEUX_CLASSIQUE,1.95,19.95,6.261111111111111
991508809,VIS_CJOUR BIO,1,SOINS DU VISAGE,VIS_BIO,2.25,6.45,4.35
991508817,PARF_EAUX HOMMES,1,PARFUMAGE,PARF_HOMME,2.95,12.5,7.8
991508825,CORPS_LAIT HUILE PLAISIRNATURE,12,SOINS DU CORPS,CORPS_HYDR_LAIT_HUILE,1.0,5.9,2.392857142857143
991508867,PARF_PARF ET EAU DE PARF,7,PARFUMAGE,PARF_PARFUM,1.95,14.0,6.966666666666666
991508883,HYG_BAIN SEL HUILE PERLE,6,HYGIENE,HYG_PLAISIRNAT_BAIN_SAVON,0.9,7.9,3.2038461538461536
991508916,MAQ_TEINT Poudres,2,MAQUILLAGE,MAQ_TEINT,3.9,15.95,9.33
991508932,PARF_EAUX PARFUMS,4,PARFUMAGE,PARF_PARFUM,2.0,36.0,11.60625
991508974,MAQ_ONG Vernis LUM,5,MAQUILLAGE,MAQ_ONGLES,1.95,11.5,5.057142857142857
991509015,CORPS_HYDRA NOURRISANT,6,SOINS DU CORPS,CORPS_HYDRA_NOURRI_ET_SOINS,4.95,15.0,10.483333333333333
991509023,MAQ_YEUX Mascara Specifique,5,MAQUILLAGE,MAQ_YEUX_MASCA_EYEL_FARD,9.95,10.95,10.45
991509049,VIS_SOIN LEVRES,11,SOINS DU VISAGE,VIS_JEUNE_ET_LEVRE,1.9,3.9,2.5300000000000002
991509065,MAQ_YEUX Sourcils,10,MAQUILLAGE,MAQ_YEUX_CLASSIQUE,4.75,4.75,4.75
991509081,VIS_CJOUR Jeunes Specifique,7,SOINS DU VISAGE,VIS_JEUNE_ET_LEVRE,3.5,19.9,9.96111111111111
991509099,MAQ_TEINT Font teint,3,MAQUILLAGE,MAQ_TEINT,1.5,9.25,3.7642857142857147
991509172,VIS_MASQUE Jeunes Specifique,3,SOINS DU VISAGE,VIS_JEUNE_ET_LEVRE,1.5,8.5,3.69
991509180,MAQ_YEUX Mascara Specifique,7,MAQUILLAGE,MAQ_YEUX_MASCA_EYEL_FARD,5.45,8.95,7.199999999999999
991509205,CORPS_SOIN DES MAINS,4,SOINS DU CORPS,CORPS_HYDRA_NOURRI_ET_SOINS,1.5,5.5,2.9
991509221,PARF_EAUX DE COLOGNE,5,PARFUMAGE,PARF_PARFUM,5.0,7.75,5.916666666666667
991509239,VIS_SOIN LEVRES,1,SOINS DU VISAGE,VIS_JEUNE_ET_LEVRE,1.25,4.45,2.85
991509263,MAQ_YEUX Eyeliner,12,MAQUILLAGE,MAQ_YEUX_MASCA_EYEL_FARD,4.9,24.9,11.316666666666665
991509271,VIS_SOIN LEVRES,8,SOINS DU VISAGE,VIS_JEUNE_ET_LEVRE,1.95,1.95,1.95
991509289,CORPS_SOINS HAMMAM,8,SOINS DU CORPS,CORPS_SPA_ET_MINCEUR,11.95,11.95,11.95
991509370,VIS_CJOUR PUR,4,SOINS DU VISAGE,VIS_PUR,3.9,7.9,5.4
991509388,CORPS_LAIT HUILE PLAISIRNATURE,12,SOINS DU CORPS,CORPS_HYDR_LAIT_HUILE,0.8,3.95,1.7919354838709676
991509396,PARF_APRES RASAGE,2,PARFUMAGE,PARF_HOMME,6.95,17.0,12.283333333333333
991509403,HYG_DOUCHE PLAISIRNATURE,2,HYGIENE,HYG_PLAISIRNAT_BAIN_SAVON,1.95,5.5,4.116666666666666
991509411,HYG_DOUCHE JARDINMONDE,1,HYGIENE,HYG_JDM,1.5,5.5,3.108333333333333
991509429,VIS_DEMAQ BLEUET,12,SOINS DU VISAGE,VIS_AUTRES,4.95,26.6,11.7125
991509437,CORPS_EAUX CORPS MONOI,7,SOINS DU CORPS,CORPS_MONOI,1.95,5.95,4.95
991509453,HYG_BAIN SEL HUILE PERLE,8,HYGIENE,HYG_PLAISIRNAT_BAIN_SAVON,0.8,17.5,2.9515625
991509461,HYG_SAVONS,6,HYGIENE,HYG_PLAISIRNAT_BAIN_SAVON,1.45,9.95,4.0
991509487,HYG_DOUCHE CULTUREBIO,1,HYGIENE,HYG_CULTUREBIO,1.95,26.0,8.975
991509510,PARF_EAUX PARFUMS,3,PARFUMAGE,PARF_PARFUM,1.5,13.0,5.671428571428572
991509528,HYG_SAVONS,3,HYGIENE,HYG_PLAISIRNAT_BAIN_SAVON,1.0,13.9,2.718421052631579
991509552,MAQ_ONG Vernis CN,11,MAQUILLAGE,MAQ_ONGLES,3.3,5.95,4.625
991509578,CAP_TRAITEMENT,12,CAPILLAIRES,CAPILLAIRE_AUTRE,3.95,14.95,8.450000000000001
991509586,MAQ_TEINT Font teint,12,MAQUILLAGE,MAQ_TEINT,1.95,18.9,8.33
991509594,MAQ_YEUX Crayons,4,MAQUILLAGE,MAQ_YEUX_CLASSIQUE,1.95,7.9,4.925
991509601,HYG_DOUCHE EDT ETE,9,HYGIENE,HYG_MONOI_ET_EDIT_SPEC,1.0,14.5,3.5260000000000002
991509619,VIS_CJOUR Jeunes Specifique,1,SOINS DU VISAGE,VIS_JEUNE_ET_LEVRE,5.45,5.45,5.45
991509635,HYG_DOUCHE JARDINMONDE,3,HYGIENE,HYG_JDM,0.9,35.9,5.201515151515152
991509669,VIS_TRAIT Jeunes Specifique,3,SOINS DU VISAGE,VIS_JEUNE_ET_LEVRE,7.95,8.95,8.45
991509685,MAQ_TEINT Perfect Correcteur,4,MAQUILLAGE,MAQ_TEINT,7.25,7.25,7.25
991509700,CORPS_SOIN PIEDS ET JAMBES,7,SOINS DU CORPS,CORPS_HYDRA_NOURRI_ET_SOINS,1.95,22.5,9.25
991509718,PARF_PARF ET EAU DE PARF,1,PARFUMAGE,PARF_PARFUM,1.5,18.0,6.823571428571428
991509734,HYG_DOUCHE PLAISIRNATURE,12,HYGIENE,HYG_PLAISIRNAT_BAIN_SAVON,1.46,19.9,3.8533333333333335
991509742,VIS_MASQUE Jeunes Specifique,7,SOINS DU VISAGE,VIS_JEUNE_ET_LEVRE,1.5,5.45,3.35
991509758,MAQ_YEUX Mascara Specifique,10,MAQUILLAGE,MAQ_YEUX_MASCA_EYEL_FARD,3.95,9.0,6.8
991509774,PARF_EAUX PARFUMS,11,PARFUMAGE,PARF_PARFUM,2.5,13.0,6.483333333333333
991509807,PARF_EAUX PLAISIR NATURE,9,PARFUMAGE,PARF_EDT,7.9,7.9,7.9
991509815,CORPS_LAIT HUILE PLAISIRNATURE,6,SOINS DU CORPS,CORPS_HYDR_LAIT_HUILE,1.25,9.0,4.1375
991509823,HYG_DOUCHE EDT ETE,6,HYGIENE,HYG_MONOI_ET_EDIT_SPEC,1.25,9.95,4.305882352941176
991509849,MAQ_ONG AUTRES,4,MAQUILLAGE,MAQ_ONGLES,4.95,4.95,4.95
991509857,VIS_SOIN LEVRES,1,SOINS DU VISAGE,VIS_JEUNE_ET_LEVRE,1.25,5.45,3.35
991509865,SOL_APRES SOLEIL,7,SOLAIRES,SOLAIRE,3.95,5.45,4.65
991509899,VIS_MASQUE Jeunes Specifique,2,SOINS DU VISAGE,VIS_JEUNE_ET_LEVRE,1.95,11.9,7.1625
991509906,SOL_APRES SOLEIL,6,SOLAIRES,SOLAIRE,3.95,3.95,3.95
991509914,MAQ_LEV RAL Lum4,2,MAQUILLAGE,MAQ_LEV_BASPRIX,5.95,5.95,5.95
991509922,MAQ_YEUX Fard,1,MAQUILLAGE,MAQ_YEUX_MASCA_EYEL_FARD,2.9,9.25,4.713636363636364
991509930,VIS_SOIN LEVRES,3,SOINS DU VISAGE,VIS_JEUNE_ET_LEVRE,1.25,9.25,5.25
991509948,PARF_PARF ET EAU DE PARF,5,PARFUMAGE,PARF_PARFUM,1.0,29.95,9.02142857142857
991510013,HYG_DOUCHE EDT NOEL,12,HYGIENE,HYG_MONOI_ET_EDIT_SPEC,1.95,5.9,3.266666666666667
991510047,VIS_CJOUR Jeunes Specifique,11,SOINS DU VISAGE,VIS_JEUNE_ET_LEVRE,1.65,10.9,6.779999999999999
991510063,VIS_DEMAQ Jeunes Specifique,12,SOINS DU VISAGE,VIS_JEUNE_ET_LEVRE,4.95,4.95,4.95
991510071,MAQ_YEUX Stylos,1,MAQUILLAGE,MAQ_YEUX_CLASSIQUE,1.66,14.95,6.907894736842105
991510089,CORPS_HYDRA NOURRISANT,2,SOINS DU CORPS,CORPS_HYDRA_NOURRI_ET_SOINS,0.77,15.5,3.4913432835820895
991510112,HYG_DOUCHE JARDINMONDE,10,HYGIENE,HYG_JDM,1.5,9.25,2.936363636363636
991510146,VIS_SOIN LEVRES,2,SOINS DU VISAGE,VIS_JEUNE_ET_LEVRE,1.25,1.25,1.25
991510162,CORPS_LAIT HUILE PLAISIRNATURE,12,SOINS DU CORPS,CORPS_HYDR_LAIT_HUILE,0.8,3.9,1.8833333333333335
991510170,MAQ_TEINT Poudres,9,MAQUILLAGE,MAQ_TEINT,3.95,13.0,7.633333333333333
991510188,MAQ_YEUX Mascara SexyPulp,12,MAQUILLAGE,MAQ_YEUX_MASCA_EYEL_FARD,8.95,8.95,8.95
991510203,CORPS_LAIT HUILE PARFUMS,10,SOINS DU CORPS,CORPS_HYDR_LAIT_HUILE,15.9,15.9,15.9
991510211,HYG_DOUCHE JARDINMONDE,8,HYGIENE,HYG_JDM,5.0,5.0,5.0
991510253,MAQ_YEUX Crayons,4,MAQUILLAGE,MAQ_YEUX_CLASSIQUE,3.95,4.95,4.45
991510261,MAQ_YEUX Mascara Vertige,12,MAQUILLAGE,MAQ_YEUX_MASCA_HG,3.65,9.95,6.8
991510287,CAP_SHAMP TSCHEVEUX,1,CAPILLAIRES,CAPILLAIRE_SHAMPOING,1.25,22.5,4.7480769230769235
991510302,HYG_DOUCHE CULTUREBIO,10,HYGIENE,HYG_CULTUREBIO,3.9,4.9,4.25
991510328,MAQ_ONG Vernis CN,7,MAQUILLAGE,MAQ_ONGLES,0.9,11.9,5.4795454545454545
991510360,HYG_DOUCHE JARDINMONDE,9,HYGIENE,HYG_JDM,1.5,9.95,4.466666666666666
991510386,MAQ_ONG Vernis LUM,10,MAQUILLAGE,MAQ_ONGLES,2.3,9.25,6.375
991510394,MAQ_YEUX Eyeliner,1,MAQUILLAGE,MAQ_YEUX_MASCA_EYEL_FARD,1.0,11.95,3.88
991510401,MAQ_YEUX Mascara Vertige,1,MAQUILLAGE,MAQ_YEUX_MASCA_HG,1.95,9.95,7.699999999999999
991510419,HYG_DOUCHE MONOI,6,HYGIENE,HYG_MONOI_ET_EDIT_SPEC,1.25,18.0,7.23888888888889
991510451,MAQ_LEV BRILLANT,1,MAQUILLAGE,MAQ_LEV_BASPRIX,3.0,16.9,8.616666666666667
991510469,CAP_TENUE DE LA COIFFURE,1,CAPILLAIRES,CAPILLAIRE_AUTRE,1.65,9.95,4.05
991510477,HYG_DOUCHE JARDINMONDE,1,HYGIENE,HYG_JDM,1.25,13.0,4.473076923076923
991510493,VIS_DEMAQ BLEUET,2,SOINS DU VISAGE,VIS_AUTRES,3.65,3.65,3.65
991510500,HYG_DOUCHE JARDINMONDE,5,HYGIENE,HYG_JDM,1.66,2.5,2.0
991510526,MAQ_YEUX Fard,1,MAQUILLAGE,MAQ_YEUX_MASCA_EYEL_FARD,1.95,17.0,9.025833333333333
991510550,VIS_MASQUE Jeunes Specifique,8,SOINS DU VISAGE,VIS_JEUNE_ET_LEVRE,1.65,3.45,2.5
991510641,MAQ_YEUX Eyeliner,8,MAQUILLAGE,MAQ_YEUX_MASCA_EYEL_FARD,1.0,24.9,7.004166666666666
991510716,CAP_SHAMP SPECIFIQUE,7,CAPILLAIRES,CAPILLAIRE_SHAMPOING,1.5,25.0,6.9071428571428575
991510732,PARF_EAUX DE COLOGNE,6,PARFUMAGE,PARF_PARFUM,1.95,16.95,8.450000000000001
991510756,MAQ_YEUX Fard,1,MAQUILLAGE,MAQ_YEUX_MASCA_EYEL_FARD,1.2,9.0,4.8375
991510798,PARF_PARF ET EAU DE PARF,6,PARFUMAGE,PARF_PARFUM,4.45,23.9,15.433333333333332
991510805,MAQ_LEV AUTRES,1,MAQUILLAGE,MAQ_LEV_RAL_HMG,1.5,4.95,3.3000000000000003
991510813,SOL_PROTECTEURS SOLAIRES,7,SOLAIRES,SOLAIRE,11.75,22.5,17.125
991510821,CORPS_SOIN DES MAINS,1,SOINS DU CORPS,CORPS_HYDRA_NOURRI_ET_SOINS,5.85,5.85,5.85
991510847,CORPS_SOIN PIEDS ET JAMBES,10,SOINS DU CORPS,CORPS_HYDRA_NOURRI_ET_SOINS,4.95,10.9,6.1049999999999995
991510855,PARF_EAUX PLAISIR NATURE,12,PARFUMAGE,PARF_EDT,0.75,3.5,1.95
991510871,CORPS_PRODUITS MINCEUR,3,SOINS DU CORPS,CORPS_SPA_ET_MINCEUR,1.5,9.9,3.7944444444444443
991510889,VIS_DEMAQ BLEUET,4,SOINS DU VISAGE,VIS_AUTRES,3.95,13.95,10.325000000000001
991510897,HYG_BAIN SEL HUILE PERLE,9,HYGIENE,HYG_PLAISIRNAT_BAIN_SAVON,0.9,3.8,1.69
991510904,CORPS_HYDRA NOURRISANT,3,SOINS DU CORPS,CORPS_HYDRA_NOURRI_ET_SOINS,5.95,5.95,5.95
991510938,HYG_DOUCHE JARDINMONDE,11,HYGIENE,HYG_JDM,1.95,3.0,2.475
991510946,MAQ_ONG Vernis CN,6,MAQUILLAGE,MAQ_ONGLES,1.95,14.9,6.527777777777778
991510954,HYG_DOUCHE JARDINMONDE,5,HYGIENE,HYG_JDM,1.95,2.0,1.9875
991510962,MAQ_TEINT Font teint,7,MAQUILLAGE,MAQ_TEINT,9.95,9.95,9.95
991510970,MAQ_YEUX Fard,11,MAQUILLAGE,MAQ_YEUX_MASCA_EYEL_FARD,9.95,9.95,9.95
991510988,VIS_DEMAQ BLEUET,5,SOINS DU VISAGE,VIS_AUTRES,0.95,4.0,2.475
991510996,VIS_DEMAQ Jeunes Specifique,5,SOINS DU VISAGE,VIS_JEUNE_ET_LEVRE,4.45,6.95,5.6125
991511045,VIS_TRAIT AAAR,4,SOINS DU VISAGE,VIS_AAAR_HORS_DEMAQLOTION,4.45,10.9,7.675000000000001
991511061,HYG_DOUCHE MONOI,7,HYGIENE,HYG_MONOI_ET_EDIT_SPEC,1.95,12.9,5.528571428571429
991511095,CAP_SHAMP TSCHEVEUX,12,CAPILLAIRES,CAPILLAIRE_SHAMPOING,2.95,2.95,2.95
991511136,PARF_EAUX PLAISIR NATURE,6,PARFUMAGE,PARF_EDT,1.5,7.95,2.44
991511152,PARF_EAUX PLAISIR NATURE,10,PARFUMAGE,PARF_EDT,6.45,11.9,8.75
991511160,PARF_EAUX PLAISIR NATURE,5,PARFUMAGE,PARF_EDT,7.9,14.95,11.425
991511186,VIS_CJOUR PUR,10,SOINS DU VISAGE,VIS_PUR,0.95,3.9,2.6166666666666667
991511201,MAQ_ONG Vernis LUM,9,MAQUILLAGE,MAQ_ONGLES,0.8,29.9,6.492000000000001
991511219,HYG_BAIN SEL HUILE PERLE,12,HYGIENE,HYG_PLAISIRNAT_BAIN_SAVON,0.8,4.3,2.7357142857142853
991511227,MAQ_YEUX Mascara Basic,7,MAQUILLAGE,MAQ_YEUX_CLASSIQUE,1.0,7.95,4.763636363636365
991511285,HYG_DOUCHE JARDINMONDE,10,HYGIENE,HYG_JDM,1.95,16.95,7.9239999999999995
991511300,VIS_SOIN LEVRES,10,SOINS DU VISAGE,VIS_JEUNE_ET_LEVRE,2.5,2.5,2.5
991511318,PARF_EAUX DE COLOGNE,7,PARFUMAGE,PARF_PARFUM,4.45,12.5,8.013636363636364
991511326,MAQ_ONG AUTRES,7,MAQUILLAGE,MAQ_ONGLES,1.65,3.95,2.43
991511350,VIS_MASQUE Jeunes Specifique,7,SOINS DU VISAGE,VIS_JEUNE_ET_LEVRE,1.0,15.95,3.528125
991511368,HYG_DOUCHE PLAISIRNATURE,12,HYGIENE,HYG_PLAISIRNAT_BAIN_SAVON,1.95,12.9,6.3125
991511376,SOL_APRES SOLEIL,7,SOLAIRES,SOLAIRE,1.5,15.0,5.7875
991511392,VIS_SOIN LEVRES,9,SOINS DU VISAGE,VIS_JEUNE_ET_LEVRE,1.95,1.95,1.95
991511409,MAQ_YEUX Sourcils,11,MAQUILLAGE,MAQ_YEUX_CLASSIQUE,9.5,9.5,9.5
991511425,MAQ_YEUX Mascara SexyPulp,9,MAQUILLAGE,MAQ_YEUX_MASCA_EYEL_FARD,1.0,14.5,2.9941176470588236
991511433,HYG_DOUCHE CULTUREBIO,11,HYGIENE,HYG_CULTUREBIO,3.9,5.95,4.5625
991511467,HYG_DOUCHE PLAISIRNATURE,10,HYGIENE,HYG_PLAISIRNAT_BAIN_SAVON,1.5,5.9,3.403571428571429
991511491,CAP_SHAMP TSCHEVEUX,3,CAPILLAIRES,CAPILLAIRE_SHAMPOING,2.45,3.3,2.8200000000000003
991511524,MAQ_TEINT Font teint,3,MAQUILLAGE,MAQ_TEINT,9.25,9.25,9.25
991511574,VIS_CJOUR AAAR,12,SOINS DU VISAGE,VIS_AAAR_HORS_DEMAQLOTION,4.95,34.0,12.18
991511582,CORPS_LAIT HUILE PLAISIRNATURE,6,SOINS DU CORPS,CORPS_HYDR_LAIT_HUILE,0.91,8.95,5.385
991511615,MAQ_ONG Vernis LUM,4,MAQUILLAGE,MAQ_ONGLES,1.6,17.95,5.195
991511657,MAQ_YEUX Mascara SexyPulp,8,MAQUILLAGE,MAQ_YEUX_MASCA_EYEL_FARD,6.95,8.95,7.949999999999999
991511699,HYG_DOUCHE JARDINMONDE,7,HYGIENE,HYG_JDM,1.5,5.95,3.8000000000000003
991511714,MAQ_ONG Vernis CN,12,MAQUILLAGE,MAQ_ONGLES,1.95,24.9,7.033333333333334
991511722,PARF_EAUX PLAISIR NATURE,2,PARFUMAGE,PARF_EDT,7.9,7.9,7.9
991511748,VIS_CJOUR Jeunes Specifique,9,SOINS DU VISAGE,VIS_JEUNE_ET_LEVRE,2.95,6.95,5.7
991511762,HYG_DOUCHE JARDINMONDE,2,HYGIENE,HYG_JDM,1.5,13.9,4.510526315789474
991511770,MAQ_LEV RAL Lum4,6,MAQUILLAGE,MAQ_LEV_BASPRIX,5.95,5.95,5.95
991511811,VIS_SOIN LEVRES,6,SOINS DU VISAGE,VIS_JEUNE_ET_LEVRE,1.25,4.95,3.1
991511837,VIS_SOIN LEVRES,1,SOINS DU VISAGE,VIS_JEUNE_ET_LEVRE,1.25,4.95,3.0500000000000003
991511853,VIS_SOIN HOMMES,3,SOINS DU VISAGE,VIS_HOMMES,9.95,9.95,9.95
991511902,HYG_DOUCHE HAMMAM,11,HYGIENE,HYG_AUTRES,4.95,5.0,4.975
991511928,HYG_DEO HOMMES,7,HYGIENE,HYG_HOMME,1.95,15.9,6.66875
991511952,HYG_DEO JARDINMONDE,5,HYGIENE,HYG_JDM,0.95,12.9,2.9161764705882356
991511986,MAQ_ONG Vernis LUM,1,MAQUILLAGE,MAQ_ONGLES,1.25,5.95,3.036666666666667
991511994,HYG_DOUCHE JARDINMONDE,2,HYGIENE,HYG_JDM,1.5,2.25,2.0
991512027,HYG_DOUCHE PLAISIRNATURE,3,HYGIENE,HYG_PLAISIRNAT_BAIN_SAVON,0.9,5.45,2.68125
991512035,HYG_SAVONS,7,HYGIENE,HYG_PLAISIRNAT_BAIN_SAVON,1.5,2.95,2.23
991512051,VIS_SOIN LEVRES,12,SOINS DU VISAGE,VIS_JEUNE_ET_LEVRE,1.9,3.9,2.5300000000000002
991512077,HYG_DOUCHE PLAISIRNATURE,6,HYGIENE,HYG_PLAISIRNAT_BAIN_SAVON,1.5,3.95,2.77
991512085,MAQ_ONG Vernis LUM,8,MAQUILLAGE,MAQ_ONGLES,1.65,17.0,5.090909090909091
991512118,HYG_BAIN SEL HUILE PERLE,12,HYGIENE,HYG_PLAISIRNAT_BAIN_SAVON,1.0,1.0,1.0
991512217,HYG_SAVONS,12,HYGIENE,HYG_PLAISIRNAT_BAIN_SAVON,1.95,18.0,5.732352941176471
991512259,MAQ_TEINT Perfect Correcteur,11,MAQUILLAGE,MAQ_TEINT,1.25,15.9,7.086363636363637
991512308,VIS_DEMAQ PUR,7,SOINS DU VISAGE,VIS_PUR,2.95,4.95,3.9500000000000006
991512340,PARF_EAUX HOMMES,1,PARFUMAGE,PARF_HOMME,1.25,12.5,6.066666666666666
991512366,VIS_SOIN LEVRES,8,SOINS DU VISAGE,VIS_JEUNE_ET_LEVRE,1.25,5.95,3.21
991512374,HYG_DOUCHE CULTUREBIO,6,HYGIENE,HYG_CULTUREBIO,1.5,6.95,3.2315789473684213
991512407,MAQ_ONG Vernis LUM,10,MAQUILLAGE,MAQ_ONGLES,2.3,8.1,5.199999999999999
991512506,HYG_DOUCHE JARDINMONDE,9,HYGIENE,HYG_JDM,1.5,26.5,4.0556
991512548,HYG_DOUCHE JARDINMONDE,3,HYGIENE,HYG_JDM,1.5,9.95,2.8208333333333333
991512556,VIS_DEMAQ PUR,1,SOINS DU VISAGE,VIS_PUR,2.45,3.45,2.95
991512564,VIS_SOIN LEVRES,5,SOINS DU VISAGE,VIS_JEUNE_ET_LEVRE,1.66,15.95,5.2375
991512572,MAQ_YEUX Crayons,5,MAQUILLAGE,MAQ_YEUX_CLASSIQUE,1.95,6.45,3.4499999999999997
991512598,MAQ_TEINT Font teint,8,MAQUILLAGE,MAQ_TEINT,3.95,14.5,9.225
991512605,VIS_SOIN LEVRES,12,SOINS DU VISAGE,VIS_JEUNE_ET_LEVRE,1.26,9.95,3.27
991512647,HYG_BAIN SEL HUILE PERLE,12,HYGIENE,HYG_PLAISIRNAT_BAIN_SAVON,1.0,5.9,2.626923076923077
991512738,HYG_DOUCHE PLAISIRNATURE,3,HYGIENE,HYG_PLAISIRNAT_BAIN_SAVON,1.95,4.9,3.4250000000000003
991512786,CORPS_SOIN DES MAINS,6,SOINS DU CORPS,CORPS_HYDRA_NOURRI_ET_SOINS,1.65,14.5,4.878409090909091
991512801,VIS_SOIN LEVRES,8,SOINS DU VISAGE,VIS_JEUNE_ET_LEVRE,1.95,1.95,1.95
991512819,MAQ_ONG AUTRES,1,MAQUILLAGE,MAQ_ONGLES,1.0,15.9,4.136363636363637
991512827,HYG_DOUCHE PARFUMS,8,HYGIENE,HYG_PARFUMEE,1.5,16.95,4.923809523809524
991512851,HYG_DOUCHE PLAISIRNATURE,12,HYGIENE,HYG_PLAISIRNAT_BAIN_SAVON,0.8,19.2,4.8100000000000005
991512950,CORPS_EXFOLIANT CORPS,12,SOINS DU CORPS,CORPS_SPA_ET_MINCEUR,1.0,21.5,6.404615384615385
991512968,VIS_SOIN LEVRES,5,SOINS DU VISAGE,VIS_JEUNE_ET_LEVRE,2.5,15.6,6.25
991512976,HYG_DOUCHE JARDINMONDE,3,HYGIENE,HYG_JDM,1.5,12.5,5.05
991512984,CAP_AP SHAMP,3,CAPILLAIRES,CAPILLAIRE_AUTRE,1.25,32.4,5.9
991512992,SOL_APRES SOLEIL,7,SOLAIRES,SOLAIRE,2.95,19.9,9.061538461538461
991513009,HYG_DOUCHE PARFUMS,12,HYGIENE,HYG_PARFUMEE,1.95,12.25,7.1375
991513017,CORPS_SOIN DES MAINS,5,SOINS DU CORPS,CORPS_HYDRA_NOURRI_ET_SOINS,3.0,9.9,6.45
991513033,CORPS_SOIN DES MAINS,10,SOINS DU CORPS,CORPS_HYDRA_NOURRI_ET_SOINS,1.25,26.0,4.585
991513059,HYG_DOUCHE EDT NOEL,12,HYGIENE,HYG_MONOI_ET_EDIT_SPEC,1.9,21.5,5.1
991513067,MAQ_YEUX Mascara Specifique,8,MAQUILLAGE,MAQ_YEUX_MASCA_EYEL_FARD,8.95,10.95,9.933333333333332
991513075,CORPS_LAIT HUILE MONOI,7,SOINS DU CORPS,CORPS_MONOI,1.95,12.5,6.376923076923077
991513091,HYG_DOUCHE JARDINMONDE,10,HYGIENE,HYG_JDM,1.5,5.0,2.6125
991513158,VIS_SOIN LEVRES,12,SOINS DU VISAGE,VIS_JEUNE_ET_LEVRE,1.25,4.95,3.257142857142857
991513166,HYG_DOUCHE JARDINMONDE,11,HYGIENE,HYG_JDM,1.25,7.0,2.6
991513190,HYG_DOUCHE HOMMES,4,HYGIENE,HYG_HOMME,1.5,12.5,4.2625
991513231,PARF_PARF ET EAU DE PARF,11,PARFUMAGE,PARF_PARFUM,27.0,27.0,27.0
991513299,HYG_DOUCHE PARFUMS,5,HYGIENE,HYG_PARFUMEE,1.5,54.0,8.245
991513314,CORPS_SOIN DES MAINS,11,SOINS DU CORPS,CORPS_HYDRA_NOURRI_ET_SOINS,2.5,2.5,2.5
991513348,MAQ_YEUX Mascara SexyPulp,9,MAQUILLAGE,MAQ_YEUX_MASCA_EYEL_FARD,8.95,8.95,8.95
991513356,CORPS_HYDRA NOURRISANT,1,SOINS DU CORPS,CORPS_HYDRA_NOURRI_ET_SOINS,1.0,8.95,3.234848484848485
991513364,HYG_DOUCHE PLAISIRNATURE,2,HYGIENE,HYG_PLAISIRNAT_BAIN_SAVON,1.0,12.95,3.3802564102564108
991513380,HYG_BAIN SEL HUILE PERLE,12,HYGIENE,HYG_PLAISIRNAT_BAIN_SAVON,1.5,11.9,4.8
991513413,MAQ_LEV RAL Hydr,8,MAQUILLAGE,MAQ_LEV_RAL_HMG,1.0,9.25,3.971875
991513504,MAQ_YEUX Crayons,4,MAQUILLAGE,MAQ_YEUX_CLASSIQUE,1.5,18.0,6.15
991513546,HYG_DOUCHE JARDINMONDE,7,HYGIENE,HYG_JDM,3.0,11.85,6.4071428571428575
991513588,VIS_SOIN LEVRES,9,SOINS DU VISAGE,VIS_JEUNE_ET_LEVRE,1.5,3.95,2.08
991513637,VIS_LOTIONS Jeunes Specifique,1,SOINS DU VISAGE,VIS_JEUNE_ET_LEVRE,3.95,5.5,4.583333333333333
991513645,HYG_DOUCHE PLAISIRNATURE,3,HYGIENE,HYG_PLAISIRNAT_BAIN_SAVON,1.5,7.45,2.0500000000000003
991513695,SOL_APRES SOLEIL,8,SOLAIRES,SOLAIRE,3.95,5.45,4.825
991513710,HYG_RASAGE,3,HYGIENE,HYG_HOMME,1.5,19.9,7.572727272727272
991513736,CORPS_SOIN DES MAINS,11,SOINS DU CORPS,CORPS_HYDRA_NOURRI_ET_SOINS,1.5,4.95,2.725
991513768,VIS_MASQUE Jeunes Specifique,12,SOINS DU VISAGE,VIS_JEUNE_ET_LEVRE,1.5,9.25,5.116666666666666
991513809,HYG_DOUCHE JARDINMONDE,11,HYGIENE,HYG_JDM,1.95,7.9,5.10625
991513833,CORPS_LAIT HUILE PLAISIRNATURE,12,SOINS DU CORPS,CORPS_HYDR_LAIT_HUILE,1.0,13.0,4.188461538461539
991513891,VIS_SOIN LEVRES,11,SOINS DU VISAGE,VIS_JEUNE_ET_LEVRE,1.95,13.0,4.7125
991513908,VIS_CJOUR PUR,12,SOINS DU VISAGE,VIS_PUR,1.5,7.0,4.033333333333333
991513924,CORPS_LAIT HUILE PLAISIRNATURE,5,SOINS DU CORPS,CORPS_HYDR_LAIT_HUILE,5.5,5.5,5.5
991513974,CORPS_SOIN PIEDS ET JAMBES,11,SOINS DU CORPS,CORPS_HYDRA_NOURRI_ET_SOINS,2.95,5.0,3.4625000000000004
991513982,VIS_SOIN LEVRES,6,SOINS DU VISAGE,VIS_JEUNE_ET_LEVRE,1.25,11.9,5.0375000000000005
991514007,PARF_EAUX HOMMES,4,PARFUMAGE,PARF_HOMME,1.95,25.0,9.963333333333333
991514015,VIS_SOIN LEVRES,1,SOINS DU VISAGE,VIS_JEUNE_ET_LEVRE,1.25,15.0,4.275
991514023,HYG_DOUCHE JARDINMONDE,10,HYGIENE,HYG_JDM,1.5,7.95,2.7399999999999998
991514031,PARF_PARF ET EAU DE PARF,3,PARFUMAGE,PARF_PARFUM,4.5,15.9,10.2
991514049,CAP_TRAITEMENT,1,CAPILLAIRES,CAPILLAIRE_AUTRE,1.25,4.95,3.2750000000000004
991514065,PARF_PARF ET EAU DE PARF,5,PARFUMAGE,PARF_PARFUM,32.4,32.4,32.4
991514122,PARF_PARF ET EAU DE PARF,12,PARFUMAGE,PARF_PARFUM,5.55,19.6,8.870000000000001
991514148,HYG_DOUCHE EDT ETE,7,HYGIENE,HYG_MONOI_ET_EDIT_SPEC,1.5,9.95,3.6825
991514164,HYG_DOUCHE PLAISIRNATURE,2,HYGIENE,HYG_PLAISIRNAT_BAIN_SAVON,1.45,1.5,1.4916666666666665
991514180,MAQ_YEUX Crayons,12,MAQUILLAGE,MAQ_YEUX_CLASSIQUE,1.95,3.65,2.783333333333333
991514221,VIS_DEMAQ AAAR,4,SOINS DU VISAGE,VIS_AAAR_DEMAQLOTION,3.5,10.0,6.5874999999999995
991514247,MAQ_TEINT Font teint,12,MAQUILLAGE,MAQ_TEINT,1.85,9.95,4.486875
991514263,PARF_EAUX DE COLOGNE,10,PARFUMAGE,PARF_PARFUM,6.45,6.45,6.45
991514271,CORPS_LAIT HUILE PLAISIRNATURE,1,SOINS DU CORPS,CORPS_HYDR_LAIT_HUILE,1.25,7.9,3.6225
991514320,MAQ_ONG AUTRES,4,MAQUILLAGE,MAQ_ONGLES,1.25,7.9,2.45
991514338,HYG_DOUCHE PLAISIRNATURE,5,HYGIENE,HYG_PLAISIRNAT_BAIN_SAVON,1.95,24.9,5.3076923076923075
991514354,VIS_MASQUE Jeunes Specifique,10,SOINS DU VISAGE,VIS_JEUNE_ET_LEVRE,1.95,5.95,4.1000000000000005
991514362,CAP_AP SHAMP,5,CAPILLAIRES,CAPILLAIRE_AUTRE,1.0,12.5,3.6766666666666667
991514396,HYG_DOUCHE JARDINMONDE,7,HYGIENE,HYG_JDM,1.5,1.5,1.5
991514429,CORPS_LAIT HUILE MONOI,8,SOINS DU CORPS,CORPS_MONOI,3.95,11.9,6.035714285714286
991514437,VIS_SOIN LEVRES,7,SOINS DU VISAGE,VIS_JEUNE_ET_LEVRE,1.5,19.9,5.67
991514461,MAQ_LEV RAL Brillance,6,MAQUILLAGE,MAQ_LEV_RAL_HMG,2.5,5.95,4.225
991514479,HYG_DOUCHE JARDINMONDE,10,HYGIENE,HYG_JDM,1.5,9.25,4.664285714285714
991514487,VIS_MASQUE Jeunes Specifique,4,SOINS DU VISAGE,VIS_JEUNE_ET_LEVRE,6.95,19.95,10.139999999999999
991514495,MAQ_LEV BRILLANT,12,MAQUILLAGE,MAQ_LEV_BASPRIX,7.75,7.75,7.75
991514502,CORPS_SOIN DES MAINS,4,SOINS DU CORPS,CORPS_HYDRA_NOURRI_ET_SOINS,1.95,4.95,3.45
991514635,VIS_DEMAQ Jeunes Specifique,1,SOINS DU VISAGE,VIS_JEUNE_ET_LEVRE,4.95,6.0,5.475
991514643,HYG_DOUCHE JARDINMONDE,10,HYGIENE,HYG_JDM,1.5,8.95,3.8233333333333333
991514685,PARF_PARF ET EAU DE PARF,1,PARFUMAGE,PARF_PARFUM,5.95,22.9,13.266666666666666
991514700,HYG_SAVONS,11,HYGIENE,HYG_PLAISIRNAT_BAIN_SAVON,1.5,12.5,3.960714285714286
991514742,MAQ_YEUX Crayons,3,MAQUILLAGE,MAQ_YEUX_CLASSIQUE,3.5,6.0,4.816666666666666
991514765,MAQ_YEUX Crayons,10,MAQUILLAGE,MAQ_YEUX_CLASSIQUE,1.25,2.95,1.942857142857143
991514773,CORPS_SOIN DES MAINS,1,SOINS DU CORPS,CORPS_HYDRA_NOURRI_ET_SOINS,1.25,18.0,9.120833333333332
991514806,CORPS_SOIN DES MAINS,12,SOINS DU CORPS,CORPS_HYDRA_NOURRI_ET_SOINS,1.25,7.9,2.9450000000000003
991514814,CORPS_LAIT HUILE MONOI,6,SOINS DU CORPS,CORPS_MONOI,0.8,35.9,5.52
991514822,MAQ_ONG Vernis LUM,8,MAQUILLAGE,MAQ_ONGLES,1.95,5.0,2.7600000000000002
991514856,HYG_DOUCHE JARDINMONDE,7,HYGIENE,HYG_JDM,1.5,5.45,2.3615384615384616
991514872,MAQ_YEUX Mascara Specifique,9,MAQUILLAGE,MAQ_YEUX_MASCA_EYEL_FARD,3.95,12.9,6.728571428571429
991514880,HYG_DOUCHE PLAISIRNATURE,5,HYGIENE,HYG_PLAISIRNAT_BAIN_SAVON,0.85,4.0,2.161111111111111
991514913,VIS_CJOUR Jeunes Specifique,7,SOINS DU VISAGE,VIS_JEUNE_ET_LEVRE,1.66,26.32,6.753846153846154
991514921,HYG_DOUCHE PARFUMS,3,HYGIENE,HYG_PARFUMEE,2.5,4.9,3.4500000000000006
991514939,MAQ_ONG Vernis LUM,5,MAQUILLAGE,MAQ_ONGLES,1.25,13.9,6.457999999999999
991514947,VIS_SOIN LEVRES,11,SOINS DU VISAGE,VIS_JEUNE_ET_LEVRE,1.95,6.95,4.55
991514955,VIS_CJOUR Jeunes Specifique,8,SOINS DU VISAGE,VIS_JEUNE_ET_LEVRE,2.0,7.5,5.5875
991514963,MAQ_YEUX Stylos,8,MAQUILLAGE,MAQ_YEUX_CLASSIQUE,3.9,6.45,5.2
991515004,HYG_DOUCHE MONOI,7,HYGIENE,HYG_MONOI_ET_EDIT_SPEC,1.95,5.95,3.95
991515020,MAQ_TEINT Perfect Correcteur,5,MAQUILLAGE,MAQ_TEINT,4.95,9.9,7.425000000000001
991515046,MAQ_TEINT Poudres,6,MAQUILLAGE,MAQ_TEINT,5.45,17.5,8.257142857142856
991515054,CORPS_HYDRA NOURRISANT,2,SOINS DU CORPS,CORPS_HYDRA_NOURRI_ET_SOINS,0.95,18.0,3.8011428571428567
991515062,HYG_DOUCHE PLAISIRNATURE,12,HYGIENE,HYG_PLAISIRNAT_BAIN_SAVON,1.5,4.9,2.4625000000000004
991515111,VIS_CJOUR Jeunes Specifique,3,SOINS DU VISAGE,VIS_JEUNE_ET_LEVRE,3.45,9.0,5.966666666666666
991515202,MAQ_ONG Vernis LUM,6,MAQUILLAGE,MAQ_ONGLES,1.5,2.95,1.7666666666666666
991515228,VIS_SOIN LEVRES,6,SOINS DU VISAGE,VIS_JEUNE_ET_LEVRE,1.25,3.95,3.033333333333333
991515236,MAQ_ONG Vernis LUM,1,MAQUILLAGE,MAQ_ONGLES,1.0,13.0,4.2765625
991515286,HYG_DOUCHE PLAISIRNATURE,6,HYGIENE,HYG_PLAISIRNAT_BAIN_SAVON,1.5,5.0,3.292857142857143
991515301,MAQ_YEUX Stylos,7,MAQUILLAGE,MAQ_YEUX_CLASSIQUE,4.5,4.5,4.5
991515351,CORPS_EXFOLIANT CORPS,9,SOINS DU CORPS,CORPS_SPA_ET_MINCEUR,1.25,6.45,3.9382352941176473
991515385,HYG_BAIN SEL HUILE PERLE,5,HYGIENE,HYG_PLAISIRNAT_BAIN_SAVON,2.0,8.95,4.6125
991515418,MAQ_ONG Vernis LUM,4,MAQUILLAGE,MAQ_ONGLES,1.65,22.9,7.691666666666666
991515468,MAQ_YEUX Stylos,7,MAQUILLAGE,MAQ_YEUX_CLASSIQUE,1.5,5.95,3.5100000000000002
991515517,HYG_DOUCHE JARDINMONDE,10,HYGIENE,HYG_JDM,1.95,2.5,2.2800000000000002
991515533,VIS_SOIN LEVRES,8,SOINS DU VISAGE,VIS_JEUNE_ET_LEVRE,1.95,1.95,1.95
991515559,HYG_DOUCHE JARDINMONDE,10,HYGIENE,HYG_JDM,0.95,24.5,6.020212765957447
991515567,VIS_SOIN LEVRES,10,SOINS DU VISAGE,VIS_JEUNE_ET_LEVRE,1.25,1.67,1.5
991515575,HYG_DOUCHE PLAISIRNATURE,12,HYGIENE,HYG_PLAISIRNAT_BAIN_SAVON,0.8,7.9,3.15
991515608,MAQ_YEUX Stylos,4,MAQUILLAGE,MAQ_YEUX_CLASSIQUE,4.95,9.9,7.33
991515616,VIS_DEMAQ BLEUET,12,SOINS DU VISAGE,VIS_AUTRES,3.2,3.95,3.5500000000000003
991515624,VIS_DEMAQ PUR,12,SOINS DU VISAGE,VIS_PUR,2.45,5.9,3.7
991515632,SOL_AUTOBRONZANTS,8,SOLAIRES,SOLAIRE,1.95,13.0,7.2555555555555555
991515666,CAP_TENUE DE LA COIFFURE,11,CAPILLAIRES,CAPILLAIRE_AUTRE,1.5,4.45,2.966666666666667
991515690,PARF_EAUX PARFUMS,5,PARFUMAGE,PARF_PARFUM,25.95,25.95,25.95
991515715,MAQ_YEUX Mascara Basic,12,MAQUILLAGE,MAQ_YEUX_CLASSIQUE,1.65,4.25,3.283333333333333
991515755,MAQ_YEUX Crayons,7,MAQUILLAGE,MAQ_YEUX_CLASSIQUE,1.95,5.95,3.283333333333333
991515771,MAQ_YEUX Mascara Vertige,6,MAQUILLAGE,MAQ_YEUX_MASCA_HG,9.95,9.95,9.95
991515797,MAQ_ONG Vernis CN,8,MAQUILLAGE,MAQ_ONGLES,2.95,5.5,4.4625
991515804,HYG_DOUCHE JARDINMONDE,3,HYGIENE,HYG_JDM,1.25,12.5,2.5375
991515820,CORPS_LAIT HUILE MONOI,7,SOINS DU CORPS,CORPS_MONOI,5.95,5.95,5.95
991515846,HYG_DOUCHE PLAISIRNATURE,4,HYGIENE,HYG_PLAISIRNAT_BAIN_SAVON,0.85,5.95,3.0200000000000005
991515903,MAQ_ONG AUTRES,11,MAQUILLAGE,MAQ_ONGLES,1.65,29.9,8.201190476190476
991515929,HYG_DEO PARFUMS,7,HYGIENE,HYG_PARFUMEE,6.95,18.0,10.7875
991515937,VIS_LOTIONS Jeunes Specifique,11,SOINS DU VISAGE,VIS_JEUNE_ET_LEVRE,4.95,6.95,5.95
991515945,MAQ_YEUX Mascara Elixir,12,MAQUILLAGE,MAQ_YEUX_MASCA_HG,4.43,15.0,8.040833333333333
991515961,MAQ_TEINT Perfect Correcteur,7,MAQUILLAGE,MAQ_TEINT,1.5,28.0,12.096428571428572
991515979,PARF_PARF ET EAU DE PARF,11,PARFUMAGE,PARF_PARFUM,1.5,54.0,14.733333333333334
991515987,HYG_DEO JARDINMONDE,8,HYGIENE,HYG_JDM,1.25,16.9,6.329545454545454
991515995,VIS_MASQUE Jeunes Specifique,3,SOINS DU VISAGE,VIS_JEUNE_ET_LEVRE,3.0,15.9,8.466666666666667
991516078,CAP_SHAMP TSCHEVEUX,1,CAPILLAIRES,CAPILLAIRE_SHAMPOING,2.95,19.95,9.76
991516119,HYG_DOUCHE HAMMAM,4,HYGIENE,HYG_AUTRES,1.95,19.9,7.671428571428571
991516151,PARF_EAUX DE COLOGNE,4,PARFUMAGE,PARF_PARFUM,6.95,6.95,6.95
991516193,MAQ_ONG AUTRES,12,MAQUILLAGE,MAQ_ONGLES,1.5,4.95,3.8375000000000004
991516218,PARF_EAUX PARFUMS,4,PARFUMAGE,PARF_PARFUM,1.5,36.0,9.26842105263158
991516226,MAQ_LEV RAL Brillance,6,MAQUILLAGE,MAQ_LEV_RAL_HMG,1.95,5.95,3.95
991516234,MAQ_YEUX Crayons,6,MAQUILLAGE,MAQ_YEUX_CLASSIQUE,1.95,51.0,9.430769230769231
991516268,CAP_SHAMP SPECIFIQUE,4,CAPILLAIRES,CAPILLAIRE_SHAMPOING,1.95,14.9,4.784761904761905
991516317,MAQ_Autres,12,MAQUILLAGE,MAQ_AUTRE,1.5,29.5,9.245813953488373
991516359,MAQ_YEUX Stylos,4,MAQUILLAGE,MAQ_YEUX_CLASSIQUE,9.9,9.9,9.9
991516408,MAQ_ONG AUTRES,11,MAQUILLAGE,MAQ_ONGLES,1.95,9.95,4.55
991516490,HYG_DOUCHE PARFUMS,12,HYGIENE,HYG_PARFUMEE,1.85,24.9,5.443636363636363
991516515,VIS_SOIN LEVRES,12,SOINS DU VISAGE,VIS_JEUNE_ET_LEVRE,1.25,8.9,3.3200000000000003
991516549,HYG_DOUCHE PARFUMS,6,HYGIENE,HYG_PARFUMEE,3.95,12.95,7.7625
991516557,VIS_SOIN HOMMES,10,SOINS DU VISAGE,VIS_HOMMES,1.95,6.9,4.441666666666667
991516599,VIS_MASQUE Jeunes Specifique,7,SOINS DU VISAGE,VIS_JEUNE_ET_LEVRE,3.45,15.0,7.3
991516630,HYG_DOUCHE PARFUMS,4,HYGIENE,HYG_PARFUMEE,9.9,36.0,21.283333333333335
991516664,CORPS_HYDRA NOURRISANT,5,SOINS DU CORPS,CORPS_HYDRA_NOURRI_ET_SOINS,1.2,28.0,6.171666666666667
991516680,HYG_DOUCHE PLAISIRNATURE,11,HYGIENE,HYG_PLAISIRNAT_BAIN_SAVON,1.5,19.9,5.5874999999999995
991516739,PARF_EAUX HOMMES,2,PARFUMAGE,PARF_HOMME,1.95,15.0,4.885714285714286
991516787,MAQ_LEV RAL Lum4,3,MAQUILLAGE,MAQ_LEV_BASPRIX,5.95,15.9,10.925
991516802,PARF_EAUX PLAISIR NATURE,3,PARFUMAGE,PARF_EDT,0.85,4.9,2.295
991516810,PARF_PARF ET EAU DE PARF,3,PARFUMAGE,PARF_PARFUM,9.9,21.95,15.925
991516828,PARF_EAUX HOMMES,3,PARFUMAGE,PARF_HOMME,4.25,12.3,7.150000000000001
991516836,MAQ_YEUX Mascara Vertige,3,MAQUILLAGE,MAQ_YEUX_MASCA_HG,9.95,12.95,11.45
991516844,CAP_SHAMP TRAITANT,8,CAPILLAIRES,CAPILLAIRE_SHAMPOING,1.25,5.0,2.1399999999999997
991516852,CORPS_LAIT HUILE PLAISIRNATURE,6,SOINS DU CORPS,CORPS_HYDR_LAIT_HUILE,4.95,8.95,6.466666666666666
991516860,PARF_PARF ET EAU DE PARF,3,PARFUMAGE,PARF_PARFUM,22.95,22.95,22.95
991516878,MAQ_YEUX Fard,3,MAQUILLAGE,MAQ_YEUX_MASCA_EYEL_FARD,8.9,8.95,8.925
991516886,VIS_MASQUE Jeunes Specifique,8,SOINS DU VISAGE,VIS_JEUNE_ET_LEVRE,1.5,3.5,2.68
991516894,CORPS_LAIT HUILE PLAISIRNATURE,3,SOINS DU CORPS,CORPS_HYDR_LAIT_HUILE,0.85,4.0,2.2875
991516901,VIS_MASQUE Jeunes Specifique,5,SOINS DU VISAGE,VIS_JEUNE_ET_LEVRE,2.95,8.95,5.06875
991516919,HYG_BAIN SEL HUILE PERLE,3,HYGIENE,HYG_PLAISIRNAT_BAIN_SAVON,1.0,5.95,3.8600000000000003
991516927,MAQ_YEUX Mascara Vertige,12,MAQUILLAGE,MAQ_YEUX_MASCA_HG,1.66,12.95,3.4625
991516935,HYG_DOUCHE PLAISIRNATURE,12,HYGIENE,HYG_PLAISIRNAT_BAIN_SAVON,0.8,10.95,3.8
991516943,VIS_CJOUR AAAR,3,SOINS DU VISAGE,VIS_AAAR_HORS_DEMAQLOTION,1.95,15.9,6.0
991516951,MAQ_YEUX Fard,3,MAQUILLAGE,MAQ_YEUX_MASCA_EYEL_FARD,6.95,6.95,6.95
991516969,HYG_BAIN SEL HUILE PERLE,10,HYGIENE,HYG_PLAISIRNAT_BAIN_SAVON,1.0,7.9,3.3000000000000003
991516977,VIS_MASQUE Jeunes Specifique,3,SOINS DU VISAGE,VIS_JEUNE_ET_LEVRE,4.45,11.9,7.1000000000000005
991516985,VIS_CJOUR AAAR,3,SOINS DU VISAGE,VIS_AAAR_HORS_DEMAQLOTION,9.95,10.9,10.425
991516993,HYG_DOUCHE JARDINMONDE,6,HYGIENE,HYG_JDM,1.0,11.9,3.4499999999999997
991517000,VIS_MASQUE Jeunes Specifique,3,SOINS DU VISAGE,VIS_JEUNE_ET_LEVRE,4.25,11.9,8.16
991517026,VIS_SOIN LEVRES,3,SOINS DU VISAGE,VIS_JEUNE_ET_LEVRE,1.95,1.95,1.95
991517034,MAQ_TEINT Font teint,3,MAQUILLAGE,MAQ_TEINT,12.95,18.95,15.95
991517050,SOL_APRES SOLEIL,7,SOLAIRES,SOLAIRE,3.95,5.95,5.283333333333334
991517068,PARF_EAUX DE COLOGNE,3,PARFUMAGE,PARF_PARFUM,5.5,7.95,6.725
991517076,VIS_DEMAQ BLEUET,9,SOINS DU VISAGE,VIS_AUTRES,2.95,6.9,4.768750000000001
991517084,MAQ_YEUX Crayons,7,MAQUILLAGE,MAQ_YEUX_CLASSIQUE,1.95,1.95,1.95
991517092,HYG_DOUCHE PLAISIRNATURE,10,HYGIENE,HYG_PLAISIRNAT_BAIN_SAVON,2.95,17.95,9.87857142857143
991517109,VIS_TRAIT Jeunes Specifique,9,SOINS DU VISAGE,VIS_JEUNE_ET_LEVRE,3.6,9.95,7.166666666666667
991517117,MAQ_YEUX Crayons,3,MAQUILLAGE,MAQ_YEUX_CLASSIQUE,1.95,11.8,4.43125
991517125,PARF_EAUX PLAISIR NATURE,3,PARFUMAGE,PARF_EDT,1.95,4.9,3.4500000000000006
991517133,VIS_CJOUR Jeunes Specifique,9,SOINS DU VISAGE,VIS_JEUNE_ET_LEVRE,1.95,7.9,5.5625
991517141,PARF_EAUX PLAISIR NATURE,3,PARFUMAGE,PARF_EDT,1.95,3.5,2.983333333333333
991517159,CORPS_SOIN DES MAINS,3,SOINS DU CORPS,CORPS_HYDRA_NOURRI_ET_SOINS,1.95,3.9,3.16
991517167,SOL_AUTOBRONZANTS,12,SOLAIRES,SOLAIRE,1.95,7.95,6.0928571428571425
991517175,MAQ_ONG Vernis LUM,3,MAQUILLAGE,MAQ_ONGLES,1.65,2.25,1.8
991517183,VIS_SOIN LEVRES,9,SOINS DU VISAGE,VIS_JEUNE_ET_LEVRE,1.25,9.25,3.466666666666667
991517191,HYG_DOUCHE PLAISIRNATURE,5,HYGIENE,HYG_PLAISIRNAT_BAIN_SAVON,1.5,17.15,6.626923076923077
991517208,MAQ_LEV BRILLANT,11,MAQUILLAGE,MAQ_LEV_BASPRIX,3.95,35.9,13.09
991517216,VIS_CJOUR AAAR,8,SOINS DU VISAGE,VIS_AAAR_HORS_DEMAQLOTION,1.5,19.6,11.8
991517224,VIS_TRAIT AAAR,4,SOINS DU VISAGE,VIS_AAAR_HORS_DEMAQLOTION,3.5,14.5,9.7
991517232,MAQ_ONG Vernis LUM,8,MAQUILLAGE,MAQ_ONGLES,1.95,3.5,2.983333333333333
991517240,HYG_DOUCHE PLAISIRNATURE,4,HYGIENE,HYG_PLAISIRNAT_BAIN_SAVON,1.5,4.5,2.6125
991517258,MAQ_YEUX Fard,4,MAQUILLAGE,MAQ_YEUX_MASCA_EYEL_FARD,4.95,19.95,10.528571428571428
991517266,VIS_SOIN LEVRES,7,SOINS DU VISAGE,VIS_JEUNE_ET_LEVRE,1.25,4.95,2.33
991517274,CORPS_SOIN PIEDS ET JAMBES,4,SOINS DU CORPS,CORPS_HYDRA_NOURRI_ET_SOINS,3.95,3.95,3.95
991517282,VIS_CJOUR AAAR,4,SOINS DU VISAGE,VIS_AAAR_HORS_DEMAQLOTION,4.9,10.9,7.9
991517290,HYG_DOUCHE JARDINMONDE,8,HYGIENE,HYG_JDM,1.25,7.9,2.975
991517307,PARF_PARF ET EAU DE PARF,12,PARFUMAGE,PARF_PARFUM,3.95,27.0,11.75
991517315,PARF_EAUX PLAISIR NATURE,4,PARFUMAGE,PARF_EDT,3.5,3.5,3.5
991517323,HYG_DOUCHE JARDINMONDE,4,HYGIENE,HYG_JDM,1.0,12.9,4.454545454545454
991517331,MAQ_YEUX Stylos,4,MAQUILLAGE,MAQ_YEUX_CLASSIQUE,2.5,11.95,6.466666666666666
991517349,CORPS_EXFOLIANT CORPS,4,SOINS DU CORPS,CORPS_SPA_ET_MINCEUR,1.95,9.75,4.095000000000001
991517357,MAQ_YEUX Fard,11,MAQUILLAGE,MAQ_YEUX_MASCA_EYEL_FARD,1.73,15.95,5.9925
991517365,MAQ_YEUX Fard,12,MAQUILLAGE,MAQ_YEUX_MASCA_EYEL_FARD,1.95,9.25,6.242857142857143
991517373,CORPS_EXFOLIANT CORPS,8,SOINS DU CORPS,CORPS_SPA_ET_MINCEUR,1.0,14.95,3.3300000000000005
991517381,PARF_EAUX PLAISIR NATURE,4,PARFUMAGE,PARF_EDT,1.95,3.5,2.466666666666667
991517406,PARF_PARF ET EAU DE PARF,4,PARFUMAGE,PARF_PARFUM,1.95,32.95,16.700000000000003
991517422,PARF_EAUX PLAISIR NATURE,4,PARFUMAGE,PARF_EDT,3.5,3.5,3.5
991517430,VIS_SOIN LEVRES,4,SOINS DU VISAGE,VIS_JEUNE_ET_LEVRE,1.95,7.9,3.85625
991517448,VIS_MASQUE Jeunes Specifique,6,SOINS DU VISAGE,VIS_JEUNE_ET_LEVRE,1.0,9.9,3.7333333333333334
991517464,MAQ_LEV BRILLANT,9,MAQUILLAGE,MAQ_LEV_BASPRIX,1.5,5.0,2.9850000000000003
991517472,VIS_CJOUR Jeunes Specifique,6,SOINS DU VISAGE,VIS_JEUNE_ET_LEVRE,2.95,26.0,8.40952380952381
991517480,CAP_AP SHAMP,4,CAPILLAIRES,CAPILLAIRE_AUTRE,2.95,11.9,7.085714285714286
991517498,MAQ_ONG Vernis LUM,4,MAQUILLAGE,MAQ_ONGLES,1.66,2.68,1.92
991517513,CORPS_LAIT HUILE MONOI,4,SOINS DU CORPS,CORPS_MONOI,5.95,5.95,5.95
991517539,PARF_EAUX PARFUMS,6,PARFUMAGE,PARF_PARFUM,1.5,36.0,9.959090909090909
991517547,VIS_SOIN LEVRES,4,SOINS DU VISAGE,VIS_JEUNE_ET_LEVRE,1.66,3.95,2.3899999999999997
991517555,VIS_DEMAQ PUR,4,SOINS DU VISAGE,VIS_PUR,2.95,2.95,2.95
991517563,CORPS_SOIN DES MAINS,4,SOINS DU CORPS,CORPS_HYDRA_NOURRI_ET_SOINS,3.95,6.95,5.15
991517571,VIS_CJOUR Jeunes Specifique,4,SOINS DU VISAGE,VIS_JEUNE_ET_LEVRE,1.5,5.95,3.2153846153846155
991517604,MAQ_YEUX Crayons,8,MAQUILLAGE,MAQ_YEUX_CLASSIQUE,1.5,18.5,6.179166666666667
991517612,MAQ_YEUX Mascara Vertige,7,MAQUILLAGE,MAQ_YEUX_MASCA_HG,3.0,9.95,5.6
991517638,HYG_DOUCHE JARDINMONDE,2,HYGIENE,HYG_JDM,1.5,5.9,3.551666666666667
991517646,HYG_SAVONS,8,HYGIENE,HYG_PLAISIRNAT_BAIN_SAVON,5.0,9.95,7.7124999999999995
991517662,CORPS_EXFOLIANT CORPS,1,SOINS DU CORPS,CORPS_SPA_ET_MINCEUR,1.5,17.5,7.2875
991517688,MAQ_LEV BRILLANT,11,MAQUILLAGE,MAQ_LEV_BASPRIX,4.45,12.0,7.51875
991517696,HYG_SAVONS,12,HYGIENE,HYG_PLAISIRNAT_BAIN_SAVON,0.8,3.9,2.066666666666667
991517703,HYG_DOUCHE JARDINMONDE,8,HYGIENE,HYG_JDM,1.5,1.5,1.5
991517711,HYG_DOUCHE JARDINMONDE,8,HYGIENE,HYG_JDM,1.0,2.95,1.5642857142857143
991517737,PARF_EAUX PLAISIR NATURE,2,PARFUMAGE,PARF_EDT,0.9,5.45,3.19
991517793,VIS_CJOUR BIO,7,SOINS DU VISAGE,VIS_BIO,6.45,6.95,6.7
991517800,CORPS_SOIN DES MAINS,11,SOINS DU CORPS,CORPS_HYDRA_NOURRI_ET_SOINS,1.75,39.9,13.524999999999999
991517834,VIS_SOIN LEVRES,11,SOINS DU VISAGE,VIS_JEUNE_ET_LEVRE,1.95,3.45,2.7
991517842,MAQ_LEV AUTRES,2,MAQUILLAGE,MAQ_LEV_RAL_HMG,3.9,3.9,3.9
991517909,VIS_CJOUR Jeunes Specifique,5,SOINS DU VISAGE,VIS_JEUNE_ET_LEVRE,1.25,10.9,4.827777777777778
991517925,VIS_TRAIT AAAR,1,SOINS DU VISAGE,VIS_AAAR_HORS_DEMAQLOTION,2.5,13.0,7.316666666666666
991517933,HYG_DOUCHE JARDINMONDE,1,HYGIENE,HYG_JDM,1.0,3.75,1.8470588235294116
991517967,PARF_PARF ET EAU DE PARF,9,PARFUMAGE,PARF_PARFUM,1.95,26.5,15.316666666666668
991517975,CORPS_LAIT HUILE PARFUMS,3,SOINS DU CORPS,CORPS_HYDR_LAIT_HUILE,4.95,4.95,4.95
991518058,MAQ_ONG AUTRES,11,MAQUILLAGE,MAQ_ONGLES,6.95,6.95,6.95
991518074,PARF_PARF ET EAU DE PARF,2,PARFUMAGE,PARF_PARFUM,15.9,21.5,18.7
991518090,CAP_SHAMP TRAITANT,8,CAPILLAIRES,CAPILLAIRE_SHAMPOING,2.95,2.95,2.95
991518123,VIS_DEMAQ AAAR,4,SOINS DU VISAGE,VIS_AAAR_DEMAQLOTION,2.95,6.95,5.4375
991518206,VIS_SOIN LEVRES,3,SOINS DU VISAGE,VIS_JEUNE_ET_LEVRE,1.25,5.85,2.783333333333333
991518214,MAQ_YEUX Mascara Specifique,1,MAQUILLAGE,MAQ_YEUX_MASCA_EYEL_FARD,2.95,7.45,4.783333333333334
991518222,PARF_EAUX DE COLOGNE,6,PARFUMAGE,PARF_PARFUM,7.75,7.95,7.85
991518230,PARF_PARF ET EAU DE PARF,8,PARFUMAGE,PARF_PARFUM,1.66,18.0,5.79
991518272,SOL_PROTECTEURS SOLAIRES,6,SOLAIRES,SOLAIRE,6.95,14.95,10.34
991518305,MAQ_TEINT Perfect Correcteur,10,MAQUILLAGE,MAQ_TEINT,3.65,5.5,4.575
991518347,HYG_DOUCHE PLAISIRNATURE,12,HYGIENE,HYG_PLAISIRNAT_BAIN_SAVON,1.5,14.5,5.463461538461539
991518355,MAQ_ONG Vernis LUM,12,MAQUILLAGE,MAQ_ONGLES,0.87,11.95,3.7883333333333336
991518371,CORPS_SOIN DES MAINS,3,SOINS DU CORPS,CORPS_HYDRA_NOURRI_ET_SOINS,1.0,45.0,4.518085106382979
991518397,CORPS_LAIT HUILE MONOI,12,SOINS DU CORPS,CORPS_MONOI,1.25,5.95,4.173333333333334
991518404,MAQ_YEUX Crayons,3,MAQUILLAGE,MAQ_YEUX_CLASSIQUE,1.95,1.95,1.95
991518454,CORPS_SOIN DES MAINS,11,SOINS DU CORPS,CORPS_HYDRA_NOURRI_ET_SOINS,1.25,9.9,4.571428571428571
991518462,MAQ_YEUX Fard,9,MAQUILLAGE,MAQ_YEUX_MASCA_EYEL_FARD,1.65,4.45,3.625
991518470,CAP_SHAMP TRAITANT,12,CAPILLAIRES,CAPILLAIRE_SHAMPOING,1.25,22.5,4.785
991518503,HYG_BAIN SEL HUILE PERLE,7,HYGIENE,HYG_PLAISIRNAT_BAIN_SAVON,1.0,1.0,1.0
991518561,HYG_BAIN SEL HUILE PERLE,9,HYGIENE,HYG_PLAISIRNAT_BAIN_SAVON,1.0,25.0,5.9409090909090905
991518579,HYG_DOUCHE HOMMES,1,HYGIENE,HYG_HOMME,1.5,11.95,2.625
991518595,VIS_SOIN LEVRES,6,SOINS DU VISAGE,VIS_JEUNE_ET_LEVRE,2.25,3.9,2.9125
991518628,MAQ_YEUX Sourcils,4,MAQUILLAGE,MAQ_YEUX_CLASSIQUE,2.95,9.5,5.133333333333334
991518644,CORPS_LAIT HUILE PLAISIRNATURE,6,SOINS DU CORPS,CORPS_HYDR_LAIT_HUILE,1.0,1.5,1.3611111111111112
991518652,HYG_DOUCHE AUTRES,3,HYGIENE,HYG_AUTRES,1.5,5.95,3.191304347826087
991518660,PARF_PARF ET EAU DE PARF,10,PARFUMAGE,PARF_PARFUM,1.5,15.9,2.775
991518686,MAQ_YEUX Sourcils,10,MAQUILLAGE,MAQ_YEUX_CLASSIQUE,1.65,19.0,7.685714285714286
991518694,CORPS_HYDRA NOURRISANT,11,SOINS DU CORPS,CORPS_HYDRA_NOURRI_ET_SOINS,6.45,6.45,6.45
991518719,MAQ_ONG Vernis CN,2,MAQUILLAGE,MAQ_ONGLES,1.95,25.0,8.26842105263158
991518727,HYG_SAVONS,6,HYGIENE,HYG_PLAISIRNAT_BAIN_SAVON,1.66,36.0,6.615277777777778
991518735,VIS_SOIN LEVRES,1,SOINS DU VISAGE,VIS_JEUNE_ET_LEVRE,0.95,14.9,7.675000000000001
991518743,HYG_DOUCHE PLAISIRNATURE,12,HYGIENE,HYG_PLAISIRNAT_BAIN_SAVON,0.8,9.95,3.0625
991518759,CORPS_HYDRA NOURRISANT,11,SOINS DU CORPS,CORPS_HYDRA_NOURRI_ET_SOINS,1.95,7.9,4.45
991518767,PARF_PARF ET EAU DE PARF,7,PARFUMAGE,PARF_PARFUM,18.0,18.0,18.0
991518775,MAQ_ONG Vernis CN,9,MAQUILLAGE,MAQ_ONGLES,3.5,4.95,4.1875
991518783,VIS_TRAIT AAAR,10,SOINS DU VISAGE,VIS_AAAR_HORS_DEMAQLOTION,1.95,14.5,6.133333333333333
991518791,VIS_SOIN LEVRES,5,SOINS DU VISAGE,VIS_JEUNE_ET_LEVRE,1.66,15.9,5.225
991518808,MAQ_YEUX Crayons,3,MAQUILLAGE,MAQ_YEUX_CLASSIQUE,1.95,1.95,1.95
991518824,MAQ_YEUX Mascara Vertige,6,MAQUILLAGE,MAQ_YEUX_MASCA_HG,9.95,9.95,9.95
991518858,MAQ_YEUX Crayons,12,MAQUILLAGE,MAQ_YEUX_CLASSIQUE,1.5,6.45,2.9222222222222225
991518866,VIS_DEMAQ Jeunes Specifique,1,SOINS DU VISAGE,VIS_JEUNE_ET_LEVRE,3.45,9.0,6.0875
991518907,MAQ_TEINT Font teint,9,MAQUILLAGE,MAQ_TEINT,1.95,9.95,4.9875
991518957,MAQ_YEUX Eyeliner,7,MAQUILLAGE,MAQ_YEUX_MASCA_EYEL_FARD,3.95,6.45,5.2
991518999,VIS_CJOUR Jeunes Specifique,6,SOINS DU VISAGE,VIS_JEUNE_ET_LEVRE,1.95,11.95,7.266666666666666
991519014,MAQ_LEV BRILLANT,11,MAQUILLAGE,MAQ_LEV_BASPRIX,1.95,12.95,4.245833333333334
991519022,VIS_TRAIT AAAR,1,SOINS DU VISAGE,VIS_AAAR_HORS_DEMAQLOTION,1.95,9.95,4.5125
991519030,VIS_SOIN LEVRES,10,SOINS DU VISAGE,VIS_JEUNE_ET_LEVRE,5.0,5.0,5.0
991519064,MAQ_LEV RAL Lum4,9,MAQUILLAGE,MAQ_LEV_BASPRIX,1.5,17.95,4.963636363636363
991519080,VIS_SOIN LEVRES,7,SOINS DU VISAGE,VIS_JEUNE_ET_LEVRE,1.25,3.5,2.375
991519098,CORPS_HYDRA NOURRISANT,7,SOINS DU CORPS,CORPS_HYDRA_NOURRI_ET_SOINS,1.95,30.9,12.739999999999998
991519105,VIS_TRAIT AAAR,12,SOINS DU VISAGE,VIS_AAAR_HORS_DEMAQLOTION,1.95,17.5,7.13
991519121,VIS_DEMAQ PUR,10,SOINS DU VISAGE,VIS_PUR,1.25,5.9,2.375
991519139,CORPS_SOIN DES MAINS,12,SOINS DU CORPS,CORPS_HYDRA_NOURRI_ET_SOINS,1.5,12.25,4.716666666666667
991519147,MAQ_LEV RAL Lum4,4,MAQUILLAGE,MAQ_LEV_BASPRIX,5.95,5.95,5.95
991519155,CAP_AP SHAMP,9,CAPILLAIRES,CAPILLAIRE_AUTRE,2.5,39.9,9.180769230769231
991519189,HYG_DOUCHE HAMMAM,1,HYGIENE,HYG_AUTRES,5.0,5.45,5.225
991519204,MAQ_YEUX Mascara Specifique,3,MAQUILLAGE,MAQ_YEUX_MASCA_EYEL_FARD,6.95,18.5,12.725
991519270,VIS_CJOUR PUR,1,SOINS DU VISAGE,VIS_PUR,1.5,5.0,3.2875
991519311,PARF_PARF ET EAU DE PARF,1,PARFUMAGE,PARF_PARFUM,26.5,26.5,26.5
991519337,MAQ_ONG Vernis LUM,8,MAQUILLAGE,MAQ_ONGLES,0.95,14.95,4.8088235294117645
991519379,PARF_PARF ET EAU DE PARF,2,PARFUMAGE,PARF_PARFUM,2.95,31.8,17.375
991519387,CORPS_SOIN PIEDS ET JAMBES,5,SOINS DU CORPS,CORPS_HYDRA_NOURRI_ET_SOINS,1.0,15.9,4.037037037037037
991519395,CORPS_SOIN PIEDS ET JAMBES,1,SOINS DU CORPS,CORPS_HYDRA_NOURRI_ET_SOINS,3.75,4.95,4.35
991519402,VIS_MASQUE Jeunes Specifique,6,SOINS DU VISAGE,VIS_JEUNE_ET_LEVRE,2.95,3.95,3.2833333333333337
991519428,CAP_SHAMP TRAITANT,6,CAPILLAIRES,CAPILLAIRE_SHAMPOING,1.9,7.9,3.927777777777778
991519436,HYG_DOUCHE JARDINMONDE,1,HYGIENE,HYG_JDM,1.0,4.5,2.5083333333333333
991519444,VIS_CJOUR Jeunes Specifique,12,SOINS DU VISAGE,VIS_JEUNE_ET_LEVRE,5.0,10.9,7.283333333333334
991519452,MAQ_ONG AUTRES,4,MAQUILLAGE,MAQ_ONGLES,1.5,9.95,4.56875
991519478,HYG_DOUCHE JARDINMONDE,1,HYGIENE,HYG_JDM,2.5,3.0,2.75
991519494,HYG_DOUCHE PLAISIRNATURE,6,HYGIENE,HYG_PLAISIRNAT_BAIN_SAVON,2.95,10.95,5.65
991519527,MAQ_YEUX Stylos,4,MAQUILLAGE,MAQ_YEUX_CLASSIQUE,1.95,9.95,7.2749999999999995
991519569,VIS_MASQUE Jeunes Specifique,9,SOINS DU VISAGE,VIS_JEUNE_ET_LEVRE,1.5,6.95,3.80625
991519585,HYG_DOUCHE PLAISIRNATURE,5,HYGIENE,HYG_PLAISIRNAT_BAIN_SAVON,1.0,25.8,8.178571428571429
991519593,CAP_SHAMP TSCHEVEUX,7,CAPILLAIRES,CAPILLAIRE_SHAMPOING,2.45,2.45,2.45
991519618,CORPS_LAIT HUILE PARFUMS,1,SOINS DU CORPS,CORPS_HYDR_LAIT_HUILE,3.95,19.95,8.73235294117647
991519626,MAQ_YEUX Mascara Elixir,12,MAQUILLAGE,MAQ_YEUX_MASCA_HG,9.95,11.45,10.7
991519634,VIS_MASQUE Jeunes Specifique,1,SOINS DU VISAGE,VIS_JEUNE_ET_LEVRE,4.95,4.95,4.95
991519642,VIS_LOTIONS Jeunes Specifique,12,SOINS DU VISAGE,VIS_JEUNE_ET_LEVRE,4.0,12.9,8.457142857142857
991519650,VIS_CJOUR Jeunes Specifique,10,SOINS DU VISAGE,VIS_JEUNE_ET_LEVRE,3.95,5.45,4.7
991519668,MAQ_ONG AUTRES,7,MAQUILLAGE,MAQ_ONGLES,1.8,9.9,4.508823529411765
991519676,VIS_SOIN HOMMES,10,SOINS DU VISAGE,VIS_HOMMES,3.5,13.65,7.366666666666667
991519684,CORPS_SOIN DES MAINS,5,SOINS DU CORPS,CORPS_HYDRA_NOURRI_ET_SOINS,1.95,7.95,4.783333333333333
991519692,MAQ_YEUX Mascara Elixir,9,MAQUILLAGE,MAQ_YEUX_MASCA_HG,1.5,14.95,4.811111111111111
991519717,VIS_SOIN LEVRES,5,SOINS DU VISAGE,VIS_JEUNE_ET_LEVRE,2.5,2.5,2.5
991519725,CORPS_HYDRA NOURRISANT,8,SOINS DU CORPS,CORPS_HYDRA_NOURRI_ET_SOINS,5.0,5.0,5.0
991519733,MAQ_YEUX Stylos,8,MAQUILLAGE,MAQ_YEUX_CLASSIQUE,3.95,5.0,4.7125
991519757,VIS_SOIN LEVRES,2,SOINS DU VISAGE,VIS_JEUNE_ET_LEVRE,1.25,10.9,4.4
991519781,HYG_DOUCHE PLAISIRNATURE,11,HYGIENE,HYG_PLAISIRNAT_BAIN_SAVON,0.8,3.9,1.8833333333333335
991519830,MAQ_ONG Vernis CN,9,MAQUILLAGE,MAQ_ONGLES,1.0,8.95,4.46375
991519848,VIS_TRAIT AAAR,9,SOINS DU VISAGE,VIS_AAAR_HORS_DEMAQLOTION,9.95,30.9,18.509999999999998
991519856,VIS_SOIN LEVRES,4,SOINS DU VISAGE,VIS_JEUNE_ET_LEVRE,1.95,5.0,2.67
991519880,CORPS_HYDRA NOURRISANT,10,SOINS DU CORPS,CORPS_HYDRA_NOURRI_ET_SOINS,1.25,21.6,9.425
991519905,MAQ_YEUX Stylos,4,MAQUILLAGE,MAQ_YEUX_CLASSIQUE,1.95,9.25,4.99375
991519913,MAQ_TEINT Font teint,2,MAQUILLAGE,MAQ_TEINT,1.95,18.0,6.55
991519947,VIS_MASQUE Jeunes Specifique,3,SOINS DU VISAGE,VIS_JEUNE_ET_LEVRE,1.5,3.35,2.2600000000000002
991519955,MAQ_ONG Vernis LUM,3,MAQUILLAGE,MAQ_ONGLES,1.25,18.0,5.98125
991520020,CORPS_LAIT HUILE PLAISIRNATURE,12,SOINS DU CORPS,CORPS_HYDR_LAIT_HUILE,1.0,11.7,3.3205128205128207
991520088,MAQ_ONG AUTRES,11,MAQUILLAGE,MAQ_ONGLES,1.95,6.95,4.063888888888889
991520111,MAQ_ONG Vernis LUM,5,MAQUILLAGE,MAQ_ONGLES,1.0,35.9,7.47037037037037
991520187,MAQ_YEUX Mascara SexyPulp,4,MAQUILLAGE,MAQ_YEUX_MASCA_EYEL_FARD,1.5,8.95,5.1499999999999995
991520195,HYG_DEO PARFUMS,12,HYGIENE,HYG_PARFUMEE,1.9,19.9,6.464772727272727
991520260,HYG_DOUCHE JARDINMONDE,12,HYGIENE,HYG_JDM,1.5,1.5,1.5
991520294,HYG_DOUCHE JARDINMONDE,8,HYGIENE,HYG_JDM,1.5,1.5,1.5
991520301,VIS_CNUIT AAAR,8,SOINS DU VISAGE,VIS_AAAR_HORS_DEMAQLOTION,1.95,22.75,10.207142857142857
991520319,MAQ_ONG AUTRES,3,MAQUILLAGE,MAQ_ONGLES,3.95,3.95,3.95
991520343,CORPS_SOIN DES MAINS,1,SOINS DU CORPS,CORPS_HYDRA_NOURRI_ET_SOINS,0.95,14.95,4.7775
991520369,CORPS_SOIN DES MAINS,12,SOINS DU CORPS,CORPS_HYDRA_NOURRI_ET_SOINS,1.25,14.0,5.115384615384615
991520393,VIS_SOIN LEVRES,2,SOINS DU VISAGE,VIS_JEUNE_ET_LEVRE,1.5,9.75,4.672727272727273
991520400,HYG_DOUCHE JARDINMONDE,6,HYGIENE,HYG_JDM,3.0,6.95,4.7875
991520418,CORPS_SOIN DES MAINS,11,SOINS DU CORPS,CORPS_HYDRA_NOURRI_ET_SOINS,1.25,4.95,2.5949999999999998
991520468,MAQ_TEINT Poudres,4,MAQUILLAGE,MAQ_TEINT,1.65,10.9,4.5600000000000005
991520476,VIS_MASQUE Jeunes Specifique,7,SOINS DU VISAGE,VIS_JEUNE_ET_LEVRE,2.95,12.95,9.116666666666665
991520484,CORPS_EAUX CORPS MONOI,7,SOINS DU CORPS,CORPS_MONOI,1.95,11.95,6.021428571428571
991520517,HYG_DOUCHE JARDINMONDE,12,HYGIENE,HYG_JDM,2.95,3.0,2.966666666666667
991520533,CAP_SHAMP TRAITANT,1,CAPILLAIRES,CAPILLAIRE_SHAMPOING,2.95,2.95,2.95
991520567,HYG_DOUCHE PARFUMS,3,HYGIENE,HYG_PARFUMEE,1.5,18.0,5.513333333333334
991520575,PARF_EAUX PLAISIR NATURE,5,PARFUMAGE,PARF_EDT,1.5,3.5,2.4214285714285713
991520591,MAQ_YEUX Sourcils,12,MAQUILLAGE,MAQ_YEUX_CLASSIQUE,1.25,9.5,2.7285714285714286
991520640,MAQ_ONG Vernis LUM,2,MAQUILLAGE,MAQ_ONGLES,1.5,3.5,2.36
991520658,MAQ_YEUX Mascara Vertige,4,MAQUILLAGE,MAQ_YEUX_MASCA_HG,12.95,15.8,14.375
991520690,HYG_DOUCHE JARDINMONDE,3,HYGIENE,HYG_JDM,1.95,1.95,1.95